date,open,high,low,close
2023-10-09,1861.0,1877.300048828125,1857.5,1864.300048828125
2023-10-10,1875.4000244140625,1879.0999755859375,1866.0999755859375,1875.300048828125
2023-10-11,1873.699951171875,1890.9000244140625,1871.699951171875,1887.300048828125
2023-10-12,1888.0999755859375,1898.300048828125,1880.5999755859375,1883.0
2023-10-13,1881.699951171875,1946.199951171875,1881.5,1941.5
2023-10-16,1941.300048828125,1943.0,1921.199951171875,1934.300048828125
2023-10-17,1933.300048828125,1944.5,1924.5999755859375,1935.699951171875
2023-10-18,1936.699951171875,1975.800048828125,1935.9000244140625,1968.300048828125
2023-10-19,1960.0999755859375,1990.199951171875,1957.0,1980.5
2023-10-20,1988.0,2009.199951171875,1983.699951171875,1994.4000244140625
2023-10-23,1987.699951171875,1994.300048828125,1971.0,1987.800048828125
2023-10-24,1984.0999755859375,1992.0,1964.5999755859375,1986.0999755859375
2023-10-25,1982.699951171875,1998.5999755859375,1973.5999755859375,1994.9000244140625
2023-10-26,1991.199951171875,2003.699951171875,1981.5999755859375,1997.4000244140625
2023-10-27,1995.0,2019.699951171875,1986.4000244140625,1998.5
2023-10-30,2013.5,2016.800048828125,1999.699951171875,2005.5999755859375
2023-10-31,2005.5999755859375,2017.699951171875,1987.4000244140625,1994.300048828125
2023-11-01,1993.300048828125,2005.9000244140625,1978.199951171875,1987.5
2023-11-02,1992.0,1999.199951171875,1986.300048828125,1993.5
2023-11-03,1993.5,2011.9000244140625,1989.300048828125,1999.199951171875
2023-11-06,1999.4000244140625,2000.0999755859375,1984.199951171875,1988.5999755859375
2023-11-07,1984.800048828125,1985.199951171875,1962.800048828125,1973.5
2023-11-08,1975.300048828125,1977.5,1953.199951171875,1957.800048828125
2023-11-09,1955.5,1971.5,1948.300048828125,1969.800048828125
2023-11-10,1964.0999755859375,1965.5999755859375,1936.9000244140625,1937.699951171875
2023-11-13,1943.4000244140625,1953.5,1935.5999755859375,1950.199951171875
2023-11-14,1950.300048828125,1975.300048828125,1938.800048828125,1966.5
2023-11-15,1966.9000244140625,1979.199951171875,1958.800048828125,1964.300048828125
2023-11-16,1963.0,1991.0999755859375,1959.0,1987.300048828125
2023-11-17,1984.199951171875,1996.4000244140625,1981.0999755859375,1984.699951171875
2023-11-20,1980.9000244140625,1987.800048828125,1967.199951171875,1980.300048828125
2023-11-21,1980.0,2009.800048828125,1979.9000244140625,2001.5999755859375
2023-11-22,2000.300048828125,2008.300048828125,1988.5999755859375,1992.800048828125
2023-11-23,1991.199951171875,1999.5,1990.9000244140625,1993.300048828125
2023-11-24,1991.199951171875,2004.5,1990.9000244140625,2003.0
2023-11-27,2002.5,2018.9000244140625,2001.4000244140625,2012.4000244140625
2023-11-28,2014.300048828125,2044.0999755859375,2011.5,2040.0
2023-11-29,2041.699951171875,2052.10009765625,2036.0,2047.0999755859375
2023-11-30,2046.0999755859375,2047.0999755859375,2033.0999755859375,2038.0999755859375
2023-12-01,2056.5,2095.699951171875,2052.60009765625,2089.699951171875
2023-12-04,2094.39990234375,2152.300048828125,2038.4000244140625,2042.199951171875
2023-12-05,2049.0,2059.60009765625,2027.5999755859375,2036.300048828125
2023-12-06,2037.800048828125,2053.39990234375,2035.300048828125,2047.9000244140625
2023-12-07,2043.4000244140625,2057.199951171875,2036.5999755859375,2046.4000244140625
2023-12-08,2045.699951171875,2050.39990234375,2010.5999755859375,2014.5
2023-12-11,2020.0,2023.699951171875,1991.199951171875,1993.699951171875
2023-12-12,1997.800048828125,2012.5,1992.300048828125,1993.199951171875
2023-12-13,1995.0999755859375,2043.300048828125,1987.9000244140625,1997.300048828125
2023-12-14,2043.199951171875,2062.89990234375,2039.0999755859375,2044.9000244140625
2023-12-15,2051.300048828125,2059.60009765625,2029.199951171875,2035.699951171875
2023-12-18,2033.300048828125,2048.0,2029.5,2040.5
2023-12-19,2041.0999755859375,2061.0,2034.800048828125,2052.10009765625
2023-12-20,2053.800048828125,2056.89990234375,2040.5999755859375,2047.699951171875
2023-12-21,2044.4000244140625,2058.0,2043.300048828125,2051.300048828125
2023-12-22,2061.199951171875,2083.0,2058.199951171875,2069.10009765625
2023-12-26,2066.0,2080.5,2065.10009765625,2069.800048828125
2023-12-27,2079.300048828125,2095.800048828125,2072.800048828125,2093.10009765625
2023-12-28,2089.5,2098.199951171875,2074.60009765625,2083.5
2023-12-29,2076.10009765625,2084.10009765625,2067.60009765625,2071.800048828125
2024-01-02,2072.699951171875,2088.10009765625,2064.300048828125,2073.39990234375
2024-01-03,2067.89990234375,2074.300048828125,2038.300048828125,2042.800048828125
2024-01-04,2049.300048828125,2058.10009765625,2043.300048828125,2050.0
2024-01-05,2051.39990234375,2071.10009765625,2030.800048828125,2049.800048828125
2024-01-08,2052.60009765625,2053.300048828125,2022.699951171875,2033.5
2024-01-09,2034.5,2048.60009765625,2031.9000244140625,2033.0
2024-01-10,2036.0,2046.199951171875,2025.9000244140625,2027.800048828125
2024-01-11,2029.4000244140625,2056.10009765625,2017.300048828125,2019.199951171875
2024-01-12,2033.199951171875,2067.300048828125,2033.0999755859375,2051.60009765625
2024-01-16,2053.39990234375,2062.800048828125,2027.5999755859375,2030.199951171875
2024-01-17,2031.699951171875,2036.0999755859375,2004.5999755859375,2006.5
2024-01-18,2009.0999755859375,2025.5999755859375,2007.699951171875,2021.5999755859375
2024-01-19,2027.4000244140625,2041.9000244140625,2022.199951171875,2029.300048828125
2024-01-22,2031.800048828125,2034.0999755859375,2017.4000244140625,2022.199951171875
2024-01-23,2023.199951171875,2039.300048828125,2020.800048828125,2025.800048828125
2024-01-24,2030.699951171875,2037.9000244140625,2011.699951171875,2016.0
2024-01-25,2014.800048828125,2025.5999755859375,2004.0,2017.800048828125
2024-01-26,2021.0,2028.0999755859375,2015.5999755859375,2017.300048828125
2024-01-29,2024.4000244140625,2037.199951171875,2018.800048828125,2025.4000244140625
2024-01-30,2032.5,2048.5,2028.0999755859375,2031.5
2024-01-31,2035.4000244140625,2055.0,2030.0,2048.39990234375
2024-02-01,2057.89990234375,2083.199951171875,2046.4000244140625,2071.10009765625
2024-02-02,2072.0,2074.699951171875,2044.199951171875,2053.699951171875
2024-02-05,2057.89990234375,2059.10009765625,2030.800048828125,2042.9000244140625
2024-02-06,2041.4000244140625,2055.300048828125,2038.800048828125,2051.39990234375
2024-02-07,2052.60009765625,2061.300048828125,2046.4000244140625,2051.699951171875
2024-02-08,2051.0,2053.800048828125,2034.5999755859375,2047.9000244140625
2024-02-09,2049.699951171875,2051.89990234375,2034.300048828125,2038.699951171875
2024-02-12,2038.199951171875,2041.800048828125,2025.4000244140625,2033.0
2024-02-13,2033.699951171875,2047.300048828125,2002.800048828125,2007.199951171875
2024-02-14,2006.300048828125,2008.800048828125,1996.4000244140625,2004.300048828125
2024-02-15,2004.800048828125,2020.199951171875,2001.800048828125,2014.9000244140625
2024-02-16,2016.0999755859375,2027.199951171875,2006.5999755859375,2024.0999755859375
2024-02-20,2027.699951171875,2042.699951171875,2023.9000244140625,2039.800048828125
2024-02-21,2036.199951171875,2043.5,2030.9000244140625,2034.300048828125
2024-02-22,2036.5,2045.5,2029.300048828125,2030.699951171875
2024-02-23,2034.0999755859375,2053.199951171875,2025.4000244140625,2049.39990234375
2024-02-26,2044.199951171875,2046.800048828125,2034.0999755859375,2038.9000244140625
2024-02-27,2041.199951171875,2049.10009765625,2038.0999755859375,2044.0999755859375
2024-02-28,2039.699951171875,2047.4000244140625,2033.4000244140625,2042.699951171875
2024-02-29,2043.800048828125,2059.39990234375,2036.0,2054.699951171875
2024-03-01,2052.800048828125,2097.10009765625,2047.0,2095.699951171875
2024-03-04,2091.60009765625,2128.39990234375,2088.10009765625,2126.300048828125
2024-03-05,2123.300048828125,2150.5,2118.5,2141.89990234375
2024-03-06,2136.39990234375,2160.699951171875,2131.89990234375,2158.199951171875
2024-03-07,2156.699951171875,2172.199951171875,2151.699951171875,2165.199951171875
2024-03-08,2166.60009765625,2203.0,2161.199951171875,2185.5
2024-03-11,2187.60009765625,2195.5,2180.89990234375,2188.60009765625
2024-03-12,2189.10009765625,2190.800048828125,2156.199951171875,2166.10009765625
2024-03-13,2163.60009765625,2185.60009765625,2161.300048828125,2180.800048828125
2024-03-14,2179.5,2181.300048828125,2157.0,2167.5
2024-03-15,2166.199951171875,2176.89990234375,2158.699951171875,2161.5
2024-03-18,2159.89990234375,2167.199951171875,2149.199951171875,2164.300048828125
2024-03-19,2164.0,2166.300048828125,2150.199951171875,2159.699951171875
2024-03-20,2161.39990234375,2192.199951171875,2152.300048828125,2161.0
2024-03-21,2190.199951171875,2225.300048828125,2168.199951171875,2184.699951171875
2024-03-22,2183.39990234375,2188.0,2158.39990234375,2160.0
2024-03-25,2166.60009765625,2182.5,2164.39990234375,2176.39990234375
2024-03-26,2173.0,2200.60009765625,2168.300048828125,2177.199951171875
2024-03-27,2179.39990234375,2196.199951171875,2172.10009765625,2190.60009765625
2024-03-28,2193.60009765625,2234.10009765625,2187.10009765625,2217.39990234375
2024-04-01,2259.199951171875,2286.39990234375,2249.10009765625,2257.10009765625
2024-04-02,2272.699951171875,2301.89990234375,2267.10009765625,2281.800048828125
2024-04-03,2301.699951171875,2321.800048828125,2285.699951171875,2315.0
2024-04-04,2321.0,2325.300048828125,2298.699951171875,2308.5
2024-04-05,2309.5,2350.0,2286.199951171875,2345.39990234375
2024-04-08,2343.60009765625,2372.5,2321.699951171875,2351.0
2024-04-09,2358.10009765625,2384.5,2355.699951171875,2362.39990234375
2024-04-10,2372.39990234375,2378.10009765625,2337.10009765625,2348.39990234375
2024-04-11,2351.699951171875,2395.60009765625,2343.10009765625,2372.699951171875
2024-04-12,2389.39990234375,2448.800048828125,2350.60009765625,2374.10009765625
2024-04-15,2369.39990234375,2404.300048828125,2340.199951171875,2383.0
2024-04-16,2399.10009765625,2414.800048828125,2379.199951171875,2407.800048828125
2024-04-17,2398.0,2412.0,2370.699951171875,2388.39990234375
2024-04-18,2377.89990234375,2408.0,2377.199951171875,2398.0
2024-04-19,2394.0,2433.300048828125,2386.800048828125,2413.800048828125
2024-04-22,2403.699951171875,2404.300048828125,2338.199951171875,2346.39990234375
2024-04-23,2342.300048828125,2347.89990234375,2304.60009765625,2342.10009765625
2024-04-24,2335.699951171875,2350.89990234375,2324.800048828125,2338.39990234375
2024-04-25,2327.39990234375,2357.60009765625,2316.39990234375,2342.5
2024-04-26,2344.199951171875,2364.39990234375,2338.0,2347.199951171875
2024-04-29,2347.60009765625,2358.89990234375,2331.0,2357.699951171875
2024-04-30,2347.0,2347.60009765625,2296.199951171875,2302.89990234375
2024-05-01,2298.199951171875,2339.5,2291.699951171875,2311.0
2024-05-02,2329.89990234375,2336.10009765625,2294.300048828125,2309.60009765625
2024-05-03,2313.5,2330.699951171875,2285.199951171875,2308.60009765625
2024-05-06,2312.800048828125,2341.89990234375,2300.60009765625,2331.199951171875
2024-05-07,2334.800048828125,2338.699951171875,2318.199951171875,2324.199951171875
2024-05-08,2322.0,2329.60009765625,2311.39990234375,2322.300048828125
2024-05-09,2316.5,2354.199951171875,2312.89990234375,2340.300048828125
2024-05-10,2353.5,2385.300048828125,2352.0,2375.0
2024-05-13,2369.10009765625,2370.800048828125,2337.60009765625,2343.0
2024-05-14,2342.300048828125,2365.199951171875,2340.5,2359.89990234375
2024-05-15,2362.89990234375,2396.10009765625,2357.10009765625,2394.89990234375
2024-05-16,2391.5,2402.699951171875,2375.199951171875,2385.5
2024-05-17,2381.39990234375,2427.39990234375,2377.800048828125,2417.39990234375
2024-05-20,2422.199951171875,2454.199951171875,2411.10009765625,2438.5
2024-05-21,2431.5,2438.199951171875,2408.5,2425.89990234375
2024-05-22,2425.39990234375,2430.5,2378.0,2392.89990234375
2024-05-23,2383.0,2385.699951171875,2328.10009765625,2337.199951171875
2024-05-24,2330.39990234375,2349.0,2326.300048828125,2334.5
2024-05-28,2338.0,2365.5,2333.800048828125,2356.5
2024-05-29,2362.5,2363.699951171875,2334.199951171875,2341.199951171875
2024-05-30,2336.89990234375,2349.5,2320.800048828125,2342.89990234375
2024-05-31,2344.10009765625,2354.0,2319.0,2322.89990234375
2024-06-03,2348.0,2375.5,2334.800048828125,2369.300048828125
2024-06-04,2371.300048828125,2373.10009765625,2335.10009765625,2347.39990234375
2024-06-05,2347.10009765625,2377.60009765625,2345.300048828125,2375.5
2024-06-06,2375.300048828125,2397.800048828125,2372.199951171875,2390.89990234375
2024-06-07,2395.699951171875,2406.699951171875,2304.199951171875,2325.0
2024-06-10,2311.0,2331.300048828125,2304.5,2327.0
2024-06-11,2329.5,2337.300048828125,2314.5,2326.60009765625
2024-06-12,2334.0,2358.800048828125,2327.199951171875,2354.800048828125
2024-06-13,2340.89990234375,2342.39990234375,2310.89990234375,2318.0
2024-06-14,2319.60009765625,2352.300048828125,2316.699951171875,2349.10009765625
2024-06-17,2348.5,2348.699951171875,2324.300048828125,2329.0
2024-06-18,2333.699951171875,2348.199951171875,2320.199951171875,2346.89990234375
2024-06-20,2344.199951171875,2379.5,2338.5,2369.0
2024-06-21,2373.800048828125,2382.60009765625,2329.199951171875,2331.199951171875
2024-06-24,2333.5,2347.5,2329.5,2344.39990234375
2024-06-25,2346.800048828125,2349.699951171875,2327.10009765625,2330.800048828125
2024-06-26,2331.800048828125,2335.800048828125,2304.699951171875,2313.199951171875
2024-06-27,2309.39990234375,2342.0,2306.800048828125,2336.60009765625
2024-06-28,2338.60009765625,2350.60009765625,2329.699951171875,2339.60009765625
2024-07-01,2336.199951171875,2348.800048828125,2328.199951171875,2338.89990234375
2024-07-02,2341.60009765625,2346.10009765625,2327.39990234375,2333.39990234375
2024-07-03,2338.60009765625,2374.5,2335.699951171875,2369.39990234375
2024-07-05,2365.800048828125,2401.5,2356.0,2397.699951171875
2024-07-08,2396.199951171875,2399.300048828125,2358.300048828125,2363.5
2024-07-09,2366.5,2378.300048828125,2356.0,2367.89990234375
2024-07-10,2371.0,2393.39990234375,2369.699951171875,2379.699951171875
2024-07-11,2377.39990234375,2430.39990234375,2376.800048828125,2421.89990234375
2024-07-12,2421.0,2423.199951171875,2396.10009765625,2420.699951171875
2024-07-15,2419.300048828125,2445.0,2406.10009765625,2428.89990234375
2024-07-16,2427.10009765625,2474.5,2424.5,2467.800048828125
2024-07-17,2473.199951171875,2488.39990234375,2455.5,2459.89990234375
2024-07-18,2462.5,2478.5,2442.89990234375,2456.39990234375
2024-07-19,2448.0,2448.39990234375,2395.699951171875,2399.10009765625
2024-07-22,2403.699951171875,2414.39990234375,2385.199951171875,2394.699951171875
2024-07-23,2398.0,2413.5,2389.199951171875,2407.300048828125
2024-07-24,2410.699951171875,2433.0,2397.0,2415.699951171875
2024-07-25,2398.10009765625,2400.800048828125,2351.89990234375,2353.5
2024-07-26,2363.800048828125,2389.699951171875,2354.60009765625,2381.0
2024-07-29,2386.89990234375,2402.10009765625,2367.300048828125,2377.800048828125
2024-07-30,2380.89990234375,2409.300048828125,2373.800048828125,2405.0
2024-07-31,2407.10009765625,2447.60009765625,2402.800048828125,2426.5
2024-08-01,2493.39990234375,2506.60009765625,2474.0,2480.800048828125
2024-08-02,2490.800048828125,2522.5,2453.10009765625,2469.800048828125
2024-08-05,2490.300048828125,2500.800048828125,2403.800048828125,2444.39990234375
2024-08-06,2451.699951171875,2459.5,2421.800048828125,2431.60009765625
2024-08-07,2432.60009765625,2447.300048828125,2418.800048828125,2432.39990234375
2024-08-08,2422.800048828125,2467.89990234375,2420.199951171875,2463.300048828125
2024-08-09,2467.300048828125,2476.5,2456.10009765625,2473.39990234375
2024-08-12,2470.10009765625,2513.39990234375,2462.699951171875,2504.0
2024-08-13,2512.60009765625,2517.300048828125,2498.199951171875,2507.800048828125
2024-08-14,2506.300048828125,2519.699951171875,2476.199951171875,2479.699951171875
2024-08-15,2486.199951171875,2508.0,2469.199951171875,2492.39990234375
2024-08-16,2494.39990234375,2548.300048828125,2488.199951171875,2537.800048828125
2024-08-19,2549.699951171875,2549.89990234375,2523.699951171875,2541.300048828125
2024-08-20,2542.39990234375,2570.39990234375,2535.10009765625,2550.60009765625
2024-08-21,2552.199951171875,2558.0,2528.199951171875,2547.5
2024-08-22,2549.89990234375,2551.39990234375,2506.39990234375,2516.699951171875
2024-08-23,2521.10009765625,2554.5,2519.800048828125,2546.300048828125
2024-08-26,2545.10009765625,2563.199951171875,2544.0,2555.199951171875
2024-08-27,2553.800048828125,2561.39990234375,2538.5,2552.89990234375
2024-08-28,2559.800048828125,2564.300048828125,2527.800048828125,2537.800048828125
2024-08-29,2539.199951171875,2562.199951171875,2536.5,2560.300048828125
2024-08-30,2553.60009765625,2560.10009765625,2526.60009765625,2527.60009765625
2024-09-03,2536.0,2539.5,2504.39990234375,2523.0
2024-09-04,2524.60009765625,2531.5,2502.699951171875,2526.0
2024-09-05,2526.39990234375,2554.0,2523.699951171875,2543.10009765625
2024-09-06,2547.10009765625,2559.800048828125,2513.89990234375,2524.60009765625
2024-09-09,2526.5,2536.5,2514.199951171875,2532.699951171875
2024-09-10,2536.0,2547.5,2528.89990234375,2543.10009765625
2024-09-11,2545.699951171875,2558.0,2529.0,2542.39990234375
2024-09-12,2540.60009765625,2588.5,2538.699951171875,2580.60009765625
2024-09-13,2587.5,2614.60009765625,2585.0,2610.699951171875
2024-09-16,2608.0,2617.39990234375,2602.5,2608.89990234375
2024-09-17,2609.800048828125,2613.699951171875,2587.300048828125,2592.39990234375
2024-09-18,2596.0,2627.199951171875,2572.5,2598.60009765625
2024-09-19,2585.10009765625,2620.5,2575.300048828125,2614.60009765625
2024-09-20,2611.199951171875,2651.0,2608.699951171875,2646.199951171875
2024-09-23,2646.199951171875,2659.800048828125,2638.60009765625,2652.5
2024-09-24,2653.300048828125,2689.39990234375,2647.10009765625,2677.0
2024-09-25,2682.800048828125,2694.89990234375,2673.39990234375,2684.699951171875
2024-09-26,2681.199951171875,2708.699951171875,2677.5,2694.89990234375
2024-09-27,2695.10009765625,2696.89990234375,2665.300048828125,2668.10009765625
2024-09-30,2680.5,2687.699951171875,2646.199951171875,2659.39990234375
2024-10-01,2656.10009765625,2694.699951171875,2653.800048828125,2690.300048828125
2024-10-02,2684.60009765625,2684.800048828125,2662.10009765625,2669.699951171875
2024-10-03,2679.89990234375,2683.39990234375,2657.800048828125,2679.199951171875
2024-10-04,2675.699951171875,2690.60009765625,2651.60009765625,2667.800048828125
2024-10-07,2671.699951171875,2679.199951171875,2657.300048828125,2666.0
2024-10-08,2662.800048828125,2672.39990234375,2623.39990234375,2635.39990234375
2024-10-09,2640.699951171875,2642.89990234375,2622.800048828125,2626.0
2024-10-10,2625.800048828125,2648.89990234375,2618.800048828125,2639.300048828125
2024-10-11,2647.39990234375,2679.0,2645.300048828125,2676.300048828125
2024-10-14,2673.10009765625,2684.199951171875,2660.0,2665.60009765625
2024-10-15,2663.5,2685.89990234375,2654.39990234375,2678.89990234375
2024-10-16,2679.5,2702.5,2674.89990234375,2691.300048828125
2024-10-17,2690.39990234375,2712.699951171875,2688.199951171875,2707.5
2024-10-18,2707.800048828125,2737.800048828125,2707.300048828125,2730.0
2024-10-21,2736.300048828125,2755.39990234375,2728.5,2738.89990234375
2024-10-22,2734.699951171875,2763.300048828125,2733.5,2759.800048828125
2024-10-23,2762.60009765625,2772.60009765625,2722.10009765625,2729.39990234375
2024-10-24,2729.199951171875,2756.300048828125,2728.699951171875,2748.89990234375
2024-10-25,2748.60009765625,2760.89990234375,2729.10009765625,2754.60009765625
2024-10-28,2749.199951171875,2758.300048828125,2736.89990234375,2755.89990234375
2024-10-29,2754.300048828125,2787.699951171875,2752.0,2781.10009765625
2024-10-30,2786.89990234375,2801.800048828125,2782.39990234375,2800.800048828125
2024-10-31,2799.10009765625,2801.199951171875,2741.800048828125,2749.300048828125
2024-11-01,2754.0,2772.39990234375,2742.60009765625,2749.199951171875
2024-11-04,2743.5,2757.5,2739.39990234375,2746.199951171875
2024-11-05,2746.0,2759.5,2733.39990234375,2749.699951171875
2024-11-06,2752.60009765625,2758.800048828125,2660.699951171875,2676.300048828125
2024-11-07,2667.699951171875,2718.300048828125,2650.300048828125,2705.800048828125
2024-11-08,2713.60009765625,2717.800048828125,2687.300048828125,2694.800048828125
2024-11-11,2692.10009765625,2693.39990234375,2617.10009765625,2617.699951171875
2024-11-12,2625.699951171875,2633.39990234375,2595.699951171875,2606.300048828125
2024-11-13,2604.699951171875,2625.0,2578.10009765625,2586.5
2024-11-14,2578.10009765625,2585.800048828125,2541.5,2572.89990234375
2024-11-15,2570.39990234375,2580.800048828125,2558.89990234375,2570.10009765625
2024-11-18,2571.5,2619.5,2568.5,2614.60009765625
2024-11-19,2616.300048828125,2643.39990234375,2614.199951171875,2631.0
2024-11-20,2635.800048828125,2659.0,2621.89990234375,2651.699951171875
2024-11-21,2653.5,2676.5,2651.60009765625,2674.89990234375
2024-11-22,2672.0,2718.5,2670.10009765625,2712.199951171875
2024-11-25,2716.89990234375,2723.199951171875,2616.60009765625,2618.5
2024-11-26,2626.199951171875,2642.699951171875,2605.300048828125,2621.300048828125
2024-11-27,2633.5,2657.89990234375,2627.199951171875,2639.89990234375
2024-11-29,2636.39990234375,2664.300048828125,2620.699951171875,2657.0
2024-12-02,2673.800048828125,2678.5,2644.5,2658.5
2024-12-03,2662.0,2678.39990234375,2656.60009765625,2667.89990234375
2024-12-04,2665.800048828125,2682.0,2654.199951171875,2676.199951171875
2024-12-05,2674.199951171875,2680.0,2646.300048828125,2648.39990234375
2024-12-06,2655.0,2667.89990234375,2635.60009765625,2659.60009765625
2024-12-09,2665.0,2700.0,2649.699951171875,2685.800048828125
2024-12-10,2684.39990234375,2721.699951171875,2680.699951171875,2718.39990234375
2024-12-11,2721.199951171875,2759.699951171875,2719.10009765625,2756.699951171875
2024-12-12,2753.60009765625,2761.300048828125,2696.699951171875,2709.39990234375
2024-12-13,2704.89990234375,2716.39990234375,2663.300048828125,2675.800048828125
2024-12-16,2668.0,2683.39990234375,2661.39990234375,2670.0
2024-12-17,2670.199951171875,2675.800048828125,2646.10009765625,2662.0
2024-12-18,2663.300048828125,2667.60009765625,2598.10009765625,2653.300048828125
2024-12-19,2600.60009765625,2640.89990234375,2596.699951171875,2608.10009765625
2024-12-20,2609.699951171875,2653.800048828125,2603.699951171875,2645.10009765625
2024-12-23,2639.10009765625,2646.800048828125,2623.199951171875,2628.199951171875
2024-12-24,2629.39990234375,2635.800048828125,2624.199951171875,2635.5
2024-12-26,2638.0,2655.699951171875,2634.10009765625,2653.89990234375
2024-12-27,2653.699951171875,2654.60009765625,2625.199951171875,2631.89990234375
2024-12-30,2636.10009765625,2640.699951171875,2608.39990234375,2618.10009765625
2024-12-31,2620.0,2642.0,2614.300048828125,2641.0
2025-01-02,2641.0,2674.199951171875,2636.10009765625,2669.0
2025-01-03,2671.10009765625,2681.0,2649.699951171875,2654.699951171875
2025-01-06,2652.800048828125,2663.800048828125,2624.60009765625,2647.39990234375
2025-01-07,2647.10009765625,2678.5,2643.5,2665.39990234375
2025-01-08,2662.89990234375,2687.0,2658.39990234375,2672.39990234375
2025-01-09,2679.89990234375,2696.800048828125,2673.699951171875,2690.800048828125
2025-01-10,2692.89990234375,2735.0,2686.89990234375,2715.0
2025-01-13,2716.800048828125,2723.800048828125,2675.199951171875,2678.60009765625
2025-01-14,2682.0,2693.699951171875,2672.0,2682.300048828125
2025-01-15,2693.300048828125,2722.699951171875,2685.39990234375,2717.800048828125
2025-01-16,2722.300048828125,2757.89990234375,2720.39990234375,2750.89990234375
2025-01-17,2746.800048828125,2759.199951171875,2729.199951171875,2748.699951171875
2025-01-21,2739.60009765625,2762.0,2715.60009765625,2759.199951171875
2025-01-22,2758.699951171875,2774.39990234375,2756.199951171875,2770.89990234375
2025-01-23,2765.89990234375,2767.10009765625,2741.0,2765.0
2025-01-24,2761.800048828125,2794.800048828125,2761.0,2778.89990234375
2025-01-27,2778.10009765625,2778.10009765625,2732.0,2738.39990234375
2025-01-28,2742.39990234375,2774.0,2737.39990234375,2767.5
2025-01-29,2771.60009765625,2778.10009765625,2761.0,2769.800048828125
2025-01-30,2772.5,2829.5,2770.0,2823.0
2025-01-31,2829.0,2838.0,2804.0,2812.5
2025-02-03,2846.5,2872.0,2802.199951171875,2857.10009765625
2025-02-04,2850.39990234375,2877.10009765625,2837.39990234375,2875.800048828125
2025-02-05,2873.699951171875,2906.0,2870.10009765625,2893.0
2025-02-06,2885.0,2894.199951171875,2855.0,2876.699951171875
2025-02-07,2880.199951171875,2910.60009765625,2876.10009765625,2887.60009765625
2025-02-10,2884.800048828125,2938.10009765625,2879.89990234375,2934.39990234375
2025-02-11,2937.0,2968.5,2907.0,2932.60009765625
2025-02-12,2927.0,2936.5,2886.5,2928.699951171875
2025-02-13,2928.800048828125,2958.800048828125,2925.800048828125,2945.39990234375
2025-02-14,2957.300048828125,2964.10009765625,2889.89990234375,2900.699951171875
2025-02-18,2895.10009765625,2956.5,2887.60009765625,2949.0
2025-02-19,2954.10009765625,2964.39990234375,2933.699951171875,2936.10009765625
2025-02-20,2949.5,2973.39990234375,2939.300048828125,2956.10009765625
2025-02-21,2955.699951171875,2964.699951171875,2930.10009765625,2953.199951171875
2025-02-24,2950.39990234375,2974.0,2936.800048828125,2963.199951171875
2025-02-25,2968.5,2970.39990234375,2897.0,2918.800048828125
2025-02-26,2929.0,2942.0,2903.300048828125,2930.60009765625
2025-02-27,2931.39990234375,2935.800048828125,2879.0,2895.89990234375
2025-02-28,2889.0,2896.10009765625,2844.10009765625,2848.5
2025-03-03,2872.0,2906.39990234375,2866.300048828125,2901.10009765625
2025-03-04,2904.199951171875,2939.800048828125,2892.5,2920.60009765625
2025-03-05,2929.0,2941.300048828125,2903.39990234375,2926.0
2025-03-06,2929.5,2935.89990234375,2897.60009765625,2926.60009765625
2025-03-07,2919.199951171875,2938.800048828125,2905.300048828125,2914.10009765625
2025-03-10,2919.60009765625,2926.39990234375,2885.199951171875,2899.39990234375
2025-03-11,2893.199951171875,2929.0,2882.5,2920.89990234375
2025-03-12,2922.300048828125,2948.89990234375,2911.0,2946.800048828125
2025-03-13,2943.300048828125,3001.5,2942.199951171875,2991.300048828125
2025-03-14,3001.39990234375,3017.10009765625,2988.60009765625,3001.10009765625
2025-03-17,2994.800048828125,3010.89990234375,2991.39990234375,3006.10009765625
2025-03-18,3009.39990234375,3047.5,3008.199951171875,3040.800048828125
2025-03-19,3041.39990234375,3061.60009765625,3031.300048828125,3041.199951171875
2025-03-20,3058.0,3065.199951171875,3032.800048828125,3043.800048828125
2025-03-21,3052.60009765625,3055.0,3004.10009765625,3021.39990234375
2025-03-24,3027.60009765625,3038.39990234375,3007.699951171875,3015.60009765625
2025-03-25,3017.5,3042.39990234375,3010.800048828125,3025.89990234375
2025-03-26,3025.800048828125,3036.10009765625,3017.800048828125,3022.5
2025-03-27,3025.60009765625,3071.300048828125,3022.300048828125,3061.0
2025-03-28,3069.699951171875,3094.89990234375,3066.800048828125,3086.5
2025-03-31,3091.0,3132.5,3086.0,3122.800048828125
2025-04-01,3157.300048828125,3177.0,3130.5,3146.0
2025-04-02,3147.5,3201.60009765625,3135.699951171875,3166.199951171875
2025-04-03,3196.60009765625,3196.60009765625,3073.5,3121.699951171875
2025-04-04,3138.0,3160.199951171875,3032.699951171875,3035.39990234375
2025-04-07,3055.10009765625,3084.39990234375,2970.39990234375,2973.60009765625
2025-04-08,2997.5,3037.89990234375,2988.60009765625,2990.199951171875
2025-04-09,2998.300048828125,3118.5,2983.300048828125,3079.39990234375
2025-04-10,3099.10009765625,3195.0,3086.10009765625,3177.5
2025-04-11,3194.199951171875,3263.0,3193.39990234375,3244.60009765625
2025-04-14,3246.0,3261.60009765625,3208.699951171875,3226.300048828125
2025-04-15,3226.10009765625,3250.89990234375,3225.5,3240.39990234375
2025-04-16,3248.39990234375,3358.39990234375,3245.199951171875,3346.39990234375
2025-04-17,3357.5,3371.89990234375,3296.39990234375,3328.39990234375
2025-04-21,3347.0,3442.300048828125,3344.0,3425.300048828125
2025-04-22,3435.10009765625,3509.89990234375,3379.10009765625,3419.39990234375
2025-04-23,3367.699951171875,3396.0,3270.800048828125,3294.10009765625
2025-04-24,3301.800048828125,3377.0,3301.300048828125,3348.60009765625
2025-04-25,3362.0,3384.10009765625,3274.800048828125,3298.39990234375
2025-04-28,3336.5,3363.800048828125,3278.0,3347.699951171875
2025-04-29,3354.89990234375,3359.300048828125,3309.199951171875,3333.60009765625
2025-04-30,3324.5,3337.60009765625,3275.60009765625,3319.10009765625
2025-05-01,3299.0,3300.60009765625,3209.39990234375,3222.199951171875
2025-05-02,3247.60009765625,3277.0,3229.5,3243.300048828125
2025-05-05,3247.10009765625,3346.699951171875,3243.10009765625,3322.300048828125
2025-05-06,3345.699951171875,3444.5,3332.10009765625,3422.800048828125
2025-05-07,3448.10009765625,3448.199951171875,3367.0,3391.89990234375
2025-05-08,3373.10009765625,3422.0,3293.300048828125,3306.0
2025-05-09,3310.199951171875,3352.699951171875,3278.89990234375,3344.0
2025-05-12,3281.0,3295.5,3211.199951171875,3228.0
2025-05-13,3240.699951171875,3270.39990234375,3220.10009765625,3247.800048828125
2025-05-14,3254.10009765625,3261.300048828125,3170.699951171875,3188.300048828125
2025-05-15,3180.800048828125,3244.300048828125,3123.300048828125,3226.60009765625
2025-05-16,3243.5,3255.800048828125,3156.39990234375,3187.199951171875
2025-05-19,3220.0,3252.89990234375,3209.10009765625,3233.5
2025-05-20,3233.0,3298.5,3207.39990234375,3284.60009765625
2025-05-21,3293.0,3327.199951171875,3287.0,3313.5
2025-05-22,3318.0,3346.800048828125,3277.800048828125,3295.0
2025-05-23,3295.10009765625,3366.5,3285.5,3365.800048828125
2025-05-27,3355.60009765625,3356.0,3283.0,3300.39990234375
2025-05-28,3300.89990234375,3324.5,3273.5,3294.89990234375
2025-05-29,3283.699951171875,3328.800048828125,3242.39990234375,3317.10009765625
2025-05-30,3315.10009765625,3318.0,3270.89990234375,3288.89990234375
2025-06-02,3323.0,3408.10009765625,3319.39990234375,3397.199951171875
2025-06-03,3406.5,3417.800048828125,3357.199951171875,3377.10009765625
2025-06-04,3377.800048828125,3409.699951171875,3366.89990234375,3399.199951171875
2025-06-05,3398.0,3427.699951171875,3362.300048828125,3375.10009765625
2025-06-06,3377.39990234375,3398.300048828125,3328.800048828125,3346.60009765625
2025-06-09,3333.39990234375,3359.0,3313.10009765625,3354.89990234375
2025-06-10,3346.300048828125,3370.39990234375,3321.300048828125,3343.39990234375
2025-06-11,3344.300048828125,3382.300048828125,3335.39990234375,3343.699951171875
2025-06-12,3377.5,3419.800048828125,3358.5,3402.39990234375
2025-06-13,3406.699951171875,3468.0,3399.60009765625,3452.800048828125
2025-06-16,3473.0,3476.300048828125,3400.89990234375,3417.300048828125
2025-06-17,3404.199951171875,3422.699951171875,3384.39990234375,3406.89990234375
2025-06-18,3409.0,3419.0,3380.10009765625,3408.10009765625
2025-06-20,3387.10009765625,3405.199951171875,3356.199951171875,3385.699951171875
2025-06-23,3400.699951171875,3413.800048828125,3361.39990234375,3395.0
2025-06-24,3383.800048828125,3385.0,3308.300048828125,3333.89990234375
2025-06-25,3338.10009765625,3351.300048828125,3325.5,3343.10009765625
2025-06-26,3347.5,3363.89990234375,3322.5,3348.0
2025-06-27,3341.300048828125,3341.39990234375,3266.5,3287.60009765625
2025-06-30,3284.300048828125,3321.60009765625,3250.5,3307.699951171875
2025-07-01,3315.699951171875,3370.5,3313.699951171875,3349.800048828125
2025-07-02,3350.0,3371.0,3337.199951171875,3359.699951171875
2025-07-03,3369.0,3376.89990234375,3321.39990234375,3342.89990234375
2025-07-04,3335.0,3355.0,3332.800048828125,3346.5
2025-07-07,3344.5,3352.89990234375,3304.39990234375,3342.800048828125
2025-07-08,3348.89990234375,3355.60009765625,3295.39990234375,3316.89990234375
2025-07-09,3310.60009765625,3325.60009765625,3290.199951171875,3321.0
2025-07-10,3322.199951171875,3339.39990234375,3319.199951171875,3325.699951171875
2025-07-11,3333.10009765625,3381.60009765625,3332.300048828125,3364.0
2025-07-14,3376.5,3389.300048828125,3348.5,3359.10009765625
2025-07-15,3352.0,3375.39990234375,3327.300048828125,3336.699951171875
2025-07-16,3330.5,3385.800048828125,3326.10009765625,3359.10009765625
2025-07-17,3354.699951171875,3358.199951171875,3314.300048828125,3345.300048828125
2025-07-18,3347.5,3368.0,3337.199951171875,3358.300048828125
2025-07-21,3355.60009765625,3416.89990234375,3351.0,3406.39990234375
2025-07-22,3410.699951171875,3447.5,3394.89990234375,3443.699951171875
2025-07-23,3444.300048828125,3451.699951171875,3390.60009765625,3397.60009765625
2025-07-24,3398.60009765625,3401.10009765625,3355.199951171875,3373.5
2025-07-25,3372.10009765625,3376.60009765625,3325.5,3335.60009765625
2025-07-28,3321.10009765625,3345.39990234375,3300.0,3310.0
2025-07-29,3313.39990234375,3332.300048828125,3305.800048828125,3324.0
2025-07-30,3325.800048828125,3331.800048828125,3263.89990234375,3295.800048828125
2025-07-31,3272.89990234375,3312.0,3272.89990234375,3293.199951171875
2025-08-01,3342.699951171875,3416.89990234375,3331.39990234375,3399.800048828125
2025-08-04,3416.60009765625,3439.5,3397.89990234375,3426.39990234375
2025-08-05,3428.89990234375,3444.89990234375,3403.300048828125,3434.699951171875
2025-08-06,3434.89990234375,3440.5,3411.699951171875,3433.39990234375
2025-08-07,3431.800048828125,3483.800048828125,3430.0,3453.699951171875
2025-08-08,3487.89990234375,3534.10009765625,3445.0,3491.300048828125
2025-08-11,3458.10009765625,3466.300048828125,3393.0,3404.699951171875
2025-08-12,3393.60009765625,3410.800048828125,3379.10009765625,3399.0
2025-08-13,3399.60009765625,3422.60009765625,3392.699951171875,3408.300048828125
2025-08-14,3407.199951171875,3423.800048828125,3375.5,3383.199951171875
2025-08-15,3383.199951171875,3394.800048828125,3377.699951171875,3382.60009765625
2025-08-18,3382.39990234375,3403.60009765625,3368.0,3378.0
2025-08-19,3378.300048828125,3389.699951171875,3358.10009765625,3358.699951171875
2025-08-20,3359.0,3394.300048828125,3353.39990234375,3388.5
2025-08-21,3392.199951171875,3394.39990234375,3367.39990234375,3381.60009765625
2025-08-22,3383.300048828125,3423.39990234375,3362.800048828125,3418.5
2025-08-25,3417.60009765625,3421.5,3405.5,3417.5
2025-08-26,3410.800048828125,3443.300048828125,3396.10009765625,3433.0
2025-08-27,3443.0,3452.5,3422.199951171875,3448.60009765625
2025-08-28,3452.60009765625,3478.699951171875,3442.5,3474.300048828125
2025-08-29,3477.199951171875,3518.5,3463.0,3516.10009765625
2025-09-02,3517.89990234375,3602.39990234375,3506.0,3592.199951171875
2025-09-03,3600.0,3640.10009765625,3592.39990234375,3635.5
2025-09-04,3619.800048828125,3621.60009765625,3573.699951171875,3606.699951171875
2025-09-05,3602.0,3655.5,3595.39990234375,3653.300048828125
2025-09-08,3635.0,3685.699951171875,3621.699951171875,3677.39990234375
2025-09-09,3676.60009765625,3715.199951171875,3663.699951171875,3682.199951171875
2025-09-10,3662.0,3697.5,3651.39990234375,3682.0
2025-09-11,3680.60009765625,3687.5,3651.0,3673.60009765625
2025-09-12,3672.800048828125,3695.5,3667.300048828125,3686.39990234375
2025-09-15,3680.199951171875,3724.89990234375,3662.800048828125,3719.0
2025-09-16,3720.300048828125,3739.89990234375,3711.800048828125,3725.10009765625
2025-09-17,3727.300048828125,3744.0,3679.5,3717.800048828125
2025-09-18,3692.5,3707.300048828125,3660.5,3678.300048828125
2025-09-19,3677.699951171875,3719.60009765625,3664.39990234375,3705.800048828125
2025-09-22,3721.300048828125,3783.300048828125,3718.10009765625,3775.10009765625
2025-09-23,3781.199951171875,3824.60009765625,3772.39990234375,3815.699951171875
2025-09-24,3796.89990234375,3812.60009765625,3749.699951171875,3768.10009765625
2025-09-25,3768.300048828125,3792.300048828125,3751.89990234375,3771.10009765625
2025-09-26,3781.5,3814.39990234375,3764.0,3809.0
2025-09-29,3788.800048828125,3863.699951171875,3785.5,3855.199951171875
2025-09-30,3863.10009765625,3899.199951171875,3820.60009765625,3873.199951171875
2025-10-01,3887.699951171875,3922.699951171875,3880.300048828125,3897.5
2025-10-02,3892.699951171875,3923.300048828125,3842.800048828125,3868.10009765625
2025-10-03,3880.39990234375,3916.800048828125,3861.10009765625,3908.89990234375
2025-10-06,3913.5,3994.5,3909.199951171875,3976.300048828125
2025-10-07,3983.0,4014.60009765625,3963.39990234375,4004.39990234375
2025-10-08,4007.10009765625,4081.0,4005.60009765625,4070.5
2025-10-09,4061.800048828125,4077.89990234375,3957.89990234375,3972.60009765625
2025-10-10,3990.10009765625,4038.60009765625,3961.199951171875,4000.39990234375
2025-10-13,4018.300048828125,4137.2001953125,4011.300048828125,4133.0
2025-10-14,4130.89990234375,4190.89990234375,4105.0,4163.39990234375
2025-10-15,4160.10009765625,4235.7998046875,4157.2998046875,4201.60009765625
2025-10-16,4225.10009765625,4346.7001953125,4214.5,4304.60009765625
2025-10-17,4348.10009765625,4392.0,4196.0,4213.2998046875
2025-10-20,4269.0,4398.0,4229.7001953125,4359.39990234375
2025-10-21,4371.0,4393.60009765625,4093.0,4109.10009765625
2025-10-22,4137.0,4175.0,4021.199951171875,4065.39990234375
2025-10-23,4114.7998046875,4171.5,4079.60009765625,4145.60009765625
2025-10-24,4144.0,4159.0,4055.699951171875,4137.7998046875
2025-10-27,4103.2001953125,4123.7998046875,3985.89990234375,4019.699951171875
2025-10-28,3999.89990234375,4034.199951171875,3901.300048828125,3983.10009765625
2025-10-29,3967.199951171875,4046.199951171875,3930.0,4000.699951171875
2025-10-30,3942.800048828125,4041.5,3925.10009765625,4015.89990234375
2025-10-31,4038.199951171875,4059.89990234375,3982.300048828125,3996.5
2025-11-03,4001.0,4043.10009765625,3971.300048828125,4014.0
2025-11-04,4013.699951171875,4018.0,3937.10009765625,3960.5
2025-11-05,3939.5,4000.699951171875,3935.699951171875,3992.89990234375
2025-11-06,3992.39990234375,4028.699951171875,3973.199951171875,3991.0
2025-11-07,3986.89990234375,4035.800048828125,3981.60009765625,4009.800048828125
2025-11-10,4007.199951171875,4124.0,4004.199951171875,4122.0
2025-11-11,4124.0,4155.0,4102.7998046875,4116.2998046875
2025-11-12,4132.2001953125,4218.5,4104.39990234375,4213.60009765625
2025-11-13,4202.39990234375,4250.0,4148.5,4194.5
2025-11-14,4174.89990234375,4215.10009765625,4032.60009765625,4094.199951171875
2025-11-17,4084.39990234375,4107.60009765625,4006.800048828125,4074.5
2025-11-18,4045.60009765625,4083.699951171875,3997.39990234375,4066.5
2025-11-19,4067.800048828125,4134.2998046875,4055.60009765625,4082.800048828125
2025-11-20,4079.89990234375,4109.60009765625,4034.0,4060.0
2025-11-21,4074.89990234375,4101.0,4018.10009765625,4079.5
2025-11-24,4069.199951171875,4138.2001953125,4036.39990234375,4094.199951171875
2025-11-25,4133.5,4156.2998046875,4106.7001953125,4140.0
2025-11-26,4128.60009765625,4171.0,4127.5,4165.2001953125
2025-11-28,4198.60009765625,4263.10009765625,4174.60009765625,4254.89990234375
2025-12-01,4258.5,4299.60009765625,4241.10009765625,4274.7998046875
2025-12-02,4265.2998046875,4269.2001953125,4194.0,4220.7998046875
2025-12-03,4241.60009765625,4273.2998046875,4225.10009765625,4232.5
2025-12-04,4234.5,4251.10009765625,4203.2998046875,4243.0
2025-12-05,4239.5,4290.5,4221.39990234375,4243.0
2025-12-08,4228.10009765625,4247.89990234375,4204.0,4217.7001953125
2025-12-09,4219.60009765625,4251.7001953125,4197.7998046875,4236.2001953125
2025-12-10,4237.5,4268.7998046875,4207.7998046875,4224.7001953125
2025-12-11,4258.2998046875,4317.2998046875,4231.2001953125,4313.0
2025-12-12,4309.10009765625,4387.7998046875,4286.0,4328.2998046875
2025-12-15,4330.0,4384.2998046875,4315.89990234375,4335.2001953125
2025-12-16,4334.2998046875,4367.89990234375,4297.39990234375,4332.2998046875
2025-12-17,4333.5,4383.60009765625,4330.7001953125,4373.89990234375
2025-12-18,4371.5,4409.5,4338.0,4364.5
2025-12-19,4363.60009765625,4389.0,4336.2998046875,4387.2998046875
2025-12-22,4369.89990234375,4484.5,4367.89990234375,4469.39990234375
2025-12-23,4481.7998046875,4530.7998046875,4457.7001953125,4505.7001953125
2025-12-24,4516.7001953125,4555.10009765625,4474.2998046875,4502.7998046875
2025-12-26,4523.5,4584.0,4518.0,4552.7001953125
2025-12-29,4568.0,4581.2998046875,4316.0,4343.60009765625
2025-12-30,4350.2998046875,4420.5,4338.7998046875,4386.2998046875
2025-12-31,4353.0,4384.89990234375,4284.2998046875,4341.10009765625
2026-01-02,4340.0,4414.7998046875,4319.7001953125,4329.60009765625
2026-01-05,4368.2998046875,4467.60009765625,4354.60009765625,4451.5
2026-01-06,4459.7998046875,4508.2998046875,4437.89990234375,4496.10009765625
2026-01-07,4505.39990234375,4512.39990234375,4432.89990234375,4462.5
2026-01-08,4467.10009765625,4489.2998046875,4415.0,4460.7001953125
2026-01-09,4489.2998046875,4527.0,4461.7998046875,4500.89990234375
2026-01-12,4529.10009765625,4640.5,4520.7998046875,4614.7001953125
2026-01-13,4610.0,4644.0,4576.7001953125,4599.10009765625
2026-01-14,4594.2998046875,4650.5,4594.2998046875,4635.7001953125
2026-01-15,4635.7001953125,4637.2001953125,4584.0,4623.7001953125
2026-01-16,4621.60009765625,4625.5,4539.10009765625,4595.39990234375
2026-01-20,4633.7001953125,4771.5,4622.2001953125,4765.7998046875
2026-01-21,4767.5,4891.10009765625,4757.10009765625,4837.5
2026-01-22,4836.2001953125,4944.2998046875,4772.7001953125,4913.39990234375
2026-01-23,4940.0,4991.39990234375,4901.2001953125,4979.7001953125
2026-01-26,5013.39990234375,5107.89990234375,4983.60009765625,5082.5
2026-01-27,5005.5,5190.7998046875,5004.5,5082.60009765625
2026-01-28,5179.0,5415.2001953125,5154.7998046875,5303.60009765625
2026-01-29,5415.7001953125,5586.2001953125,5097.5,5318.39990234375
2026-01-30,5410.0,5480.2001953125,4700.39990234375,4745.10009765625
2026-02-02,4816.0,4905.60009765625,4423.2001953125,4652.60009765625
2026-02-03,4691.0,5018.10009765625,4690.2001953125,4935.0
2026-02-04,4966.10009765625,5113.89990234375,4867.7001953125,4950.7998046875
2026-02-05,4986.60009765625,5045.0,4779.60009765625,4889.5
2026-02-06,4800.0,4995.60009765625,4670.0,4979.7998046875
2026-02-09,5003.60009765625,5111.10009765625,4988.60009765625,5079.39990234375
2026-02-10,5084.2998046875,5102.7001953125,5011.0,5031.0
2026-02-11,5048.0,5144.5,5036.2998046875,5098.5
2026-02-12,5107.2998046875,5122.7998046875,4900.0,4948.39990234375
2026-02-13,4950.0,5069.10009765625,4907.10009765625,5046.2998046875
2026-02-17,5050.0,5074.39990234375,4854.2001953125,4905.89990234375
2026-02-18,4898.5,5031.89990234375,4868.5,5009.5
2026-02-19,4993.7001953125,5042.7998046875,4971.5,4997.39990234375
2026-02-20,5015.0,5131.0,4999.2998046875,5080.89990234375
2026-02-23,5128.7998046875,5257.2998046875,5120.39990234375,5225.60009765625
2026-02-24,5247.5,5269.39990234375,5109.5,5176.2998046875
2026-02-25,5160.0,5237.2998046875,5135.89990234375,5226.2001953125
2026-02-26,5175.2998046875,5221.89990234375,5144.7998046875,5194.2001953125
2026-02-27,5201.89990234375,5299.0,5182.89990234375,5247.89990234375
2026-03-02,5360.0,5434.10009765625,5272.89990234375,5311.60009765625
2026-03-03,5335.7001953125,5394.2001953125,5005.0,5123.7001953125
2026-03-04,5110.0,5218.2998046875,5092.7998046875,5134.7001953125
2026-03-05,5155.7001953125,5204.2998046875,5058.89990234375,5078.7001953125
2026-03-06,5099.7001953125,5185.0,5071.0,5158.7001953125
2026-03-09,5186.7001953125,5210.39990234375,5021.2001953125,5103.7001953125
2026-03-10,5152.39990234375,5248.7001953125,5127.10009765625,5242.10009765625
2026-03-11,5194.0,5230.89990234375,5155.89990234375,5179.10009765625
2026-03-12,5185.39990234375,5197.7998046875,5058.2001953125,5125.7998046875
2026-03-13,5084.0,5132.39990234375,5014.10009765625,5061.7001953125
2026-03-16,5010.0,5044.5,4970.10009765625,5002.2001953125
2026-03-17,5012.2001953125,5049.39990234375,4977.0,5008.2001953125
2026-03-18,5010.60009765625,5022.0,4809.2998046875,4896.2001953125
2026-03-19,4828.0,4868.7001953125,4505.0,4605.7001953125
2026-03-20,4653.89990234375,4738.2001953125,4478.39990234375,4574.89990234375
2026-03-23,4450.0,4537.10009765625,4100.0,4407.2998046875
2026-03-24,4414.7998046875,4485.60009765625,4306.2998046875,4402.0
2026-03-25,4473.5,4601.0,4458.2001953125,4552.2998046875
2026-03-26,4508.89990234375,4541.60009765625,4348.2001953125,4376.2998046875
2026-03-27,4371.7998046875,4552.10009765625,4369.10009765625,4492.5
2026-03-30,4482.7998046875,4579.10009765625,4413.39990234375,4526.0
2026-03-31,4510.0,4684.10009765625,4508.60009765625,4647.60009765625
2026-04-01,4698.39990234375,4821.0,4690.0,4813.10009765625
2026-04-02,4783.0,4825.89990234375,4580.39990234375,4679.7001953125
2026-04-06,4675.0,4733.10009765625,4626.2001953125,4684.7001953125
2026-04-07,4678.60009765625,4745.7001953125,4631.89990234375,4684.7001953125
2026-04-08,4747.2001953125,4888.0,4720.60009765625,4777.2001953125
2026-04-09,4744.7998046875,4826.0,4718.60009765625,4818.0
2026-04-10,4790.5,4820.0,4752.7001953125,4787.39990234375
2026-04-13,4710.0,4774.39990234375,4626.0,4767.39990234375
2026-04-14,4769.2998046875,4870.2998046875,4767.60009765625,4850.10009765625
2026-04-15,4862.7001953125,4895.39990234375,4807.89990234375,4823.60009765625
2026-04-16,4813.60009765625,4861.2998046875,4792.10009765625,4808.2998046875
2026-04-17,4811.7998046875,4917.7001953125,4785.89990234375,4879.60009765625
2026-04-20,4811.7998046875,4847.89990234375,4752.0,4828.7998046875
2026-04-21,4842.39990234375,4854.7998046875,4685.7998046875,4719.60009765625
2026-04-22,4738.7001953125,4790.7998046875,4733.10009765625,4753.0
2026-04-23,4759.2001953125,4771.2998046875,4680.10009765625,4724.0
2026-04-24,4715.60009765625,4757.10009765625,4672.2001953125,4740.89990234375
2026-04-27,4713.10009765625,4745.7998046875,4681.2001953125,4693.7001953125
2026-04-28,4697.5,4716.5,4567.60009765625,4608.39990234375
2026-04-29,4611.39990234375,4624.2998046875,4522.2001953125,4561.5
2026-04-30,4557.0,4658.7998046875,4550.7998046875,4629.60009765625
2026-05-01,4636.89990234375,4673.0,4570.0,4644.5
2026-05-04,4644.0,4650.60009765625,4510.10009765625,4533.2998046875
2026-05-05,4534.0,4597.5,4522.7001953125,4568.5
2026-05-06,4569.2998046875,4734.60009765625,4556.10009765625,4694.2998046875
2026-05-07,4702.2001953125,4775.2001953125,4693.2998046875,4710.89990234375
2026-05-08,4682.5,4760.39990234375,4671.0,4730.7001953125
2026-05-11,4690.0,4758.39990234375,4655.10009765625,4728.7001953125
2026-05-12,4745.2998046875,4783.39990234375,4645.2001953125,4686.7001953125
2026-05-13,4722.2998046875,4734.7998046875,4676.0,4706.7001953125
2026-05-14,4696.7998046875,4725.7998046875,4649.2998046875,4685.2998046875
2026-05-15,4654.5,4670.10009765625,4513.7998046875,4561.89990234375
2026-05-18,4547.60009765625,4588.60009765625,4483.5,4558.0
2026-05-19,4570.60009765625,4593.2001953125,4467.10009765625,4511.2001953125
2026-05-20,4486.60009765625,4558.39990234375,4455.0,4535.2998046875
2026-05-21,4548.0,4572.39990234375,4488.2998046875,4542.5
2026-05-22,4544.2001953125,4547.0,4488.0,4523.2001953125
2026-05-26,4532.0,4583.2998046875,4480.0,4502.2998046875
2026-05-27,4507.39990234375,4528.10009765625,4398.5,4448.39990234375
2026-05-28,4453.60009765625,4512.60009765625,4363.5,4499.2998046875
2026-05-29,4527.60009765625,4627.10009765625,4519.5,4593.0
2026-06-01,4575.2001953125,4577.2998046875,4476.0,4506.2998046875
2026-06-02,4515.7998046875,4571.2998046875,4492.2998046875,4519.89990234375
2026-06-03,4520.0,4525.10009765625,4454.0,4466.89990234375
2026-06-04,4462.60009765625,4543.2001953125,4450.10009765625,4505.0
2026-06-05,4503.0,4508.7001953125,4336.60009765625,4365.2998046875
2026-06-08,4354.0,4377.5,4293.0,4363.39990234375
2026-06-09,4354.7001953125,4388.60009765625,4259.89990234375,4286.39990234375
2026-06-10,4276.10009765625,4281.10009765625,4090.10009765625,4133.2998046875
2026-06-11,4094.39990234375,4241.2998046875,4046.199951171875,4114.0
2026-06-12,4234.89990234375,4267.7998046875,4191.10009765625,4238.7998046875
2026-06-15,4289.39990234375,4391.5,4283.39990234375,4351.60009765625
2026-06-16,4331.2998046875,4376.5,4326.7001953125,4354.39990234375
2026-06-17,4352.60009765625,4403.60009765625,4237.39990234375,4381.39990234375
2026-06-18,4275.10009765625,4350.2001953125,4220.2998046875,4245.89990234375
2026-06-22,4163.89990234375,4238.10009765625,4151.39990234375,4202.7001953125
2026-06-23,4210.7998046875,4216.0,4108.2001953125,4149.39990234375
2026-06-24,4130.0,4132.39990234375,3975.699951171875,4008.800048828125
2026-06-25,4019.0,4060.0,3976.300048828125,4047.60009765625
2026-06-26,4044.39990234375,4111.5,3998.10009765625,4096.2998046875
2026-06-29,4101.10009765625,4102.89990234375,4012.0,4038.89990234375
2026-06-30,4032.5,4078.10009765625,3955.39990234375,4038.5
2026-07-01,4025.0,4131.0,3973.0,4082.39990234375
2026-07-02,4049.199951171875,4157.10009765625,4042.800048828125,4125.7001953125
2026-07-06,4187.5,4215.5,4140.60009765625,4167.5
2026-07-07,4176.39990234375,4192.39990234375,4102.7001953125,4157.39990234375
2026-07-08,4106.5,4144.7001953125,4032.5,4082.39990234375
2026-07-09,4087.60009765625,4148.39990234375,4063.39990234375,4140.7998046875
2026-07-10,4135.39990234375,4144.60009765625,4081.699951171875,4113.7001953125
2026-07-13,4106.60009765625,4111.60009765625,3992.89990234375,4005.699951171875
2026-07-14,4005.89990234375,4112.5,3990.39990234375,4069.699951171875
2026-07-15,4059.800048828125,4089.10009765625,4023.300048828125,4051.800048828125
2026-07-16,4068.89990234375,4071.89990234375,3973.39990234375,3992.10009765625
2026-07-17,3980.10009765625,4028.89990234375,3963.0,4018.800048828125
2026-07-20,4005.60009765625,4046.0,3986.5,4015.89990234375
2026-07-21,4013.39990234375,4092.5,4003.300048828125,4076.39990234375
2026-07-22,4084.699951171875,4171.39990234375,4081.0,4151.89990234375
2026-07-23,4126.0,4144.0,4042.5,4050.199951171875
2026-07-24,4053.39990234375,4085.199951171875,4024.0,4070.800048828125
2026-07-27,4097.5,4119.2998046875,4067.10009765625,4077.0
2026-07-28,4083.0,4085.699951171875,4011.10009765625,4038.699951171875
2026-07-29,4020.89990234375,4115.2001953125,3993.800048828125,4036.300048828125
2026-07-30,4060.699951171875,4118.5,4028.5,4100.10009765625
2026-07-31,4163.89990234375,4170.7001953125,4076.39990234375,4107.0
2026-08-03,4135.2001953125,4145.5,4074.0,4090.5
2026-08-04,4109.60009765625,4163.7998046875,4098.2001953125,4152.60009765625
2026-08-05,4133.7998046875,4328.2001953125,4121.60009765625,4305.2001953125
2026-08-06,4307.0,4363.7001953125,4281.2001953125,4299.60009765625
2026-08-07,4298.2998046875,4432.2998046875,4288.0,4399.7001953125
2026-08-10,4400.0,4453.7998046875,4373.89990234375,4419.7001953125
2026-08-11,4446.89990234375,4495.0,4415.7001953125,4441.10009765625
2026-08-12,4430.0,4502.7001953125,4421.39990234375,4467.5
2026-08-13,4468.7998046875,4509.10009765625,4400.0,4420.39990234375
2026-08-14,4408.2001953125,4454.60009765625,4365.5,4437.2998046875
2026-08-17,4440.0,4486.5,4422.2998046875,4473.7001953125
2026-08-18,4473.39990234375,4493.10009765625,4383.2998046875,4420.60009765625
2026-08-19,4391.39990234375,4582.7998046875,4378.0,4545.2998046875
2026-08-20,4580.0,4597.10009765625,4506.0,4571.39990234375
2026-08-21,4577.0,4690.39990234375,4565.5,4680.60009765625
2026-08-24,4673.39990234375,4738.5,4651.7998046875,4697.7998046875
2026-08-25,4710.10009765625,4755.0,4659.5,4694.5
2026-08-26,4715.7001953125,4730.89990234375,4638.2001953125,4653.2998046875
2026-08-27,4650.0,4697.7001953125,4616.0,4664.0
2026-08-28,4656.0,4688.0,4495.0,4529.89990234375
2026-08-31,4483.2001953125,4521.5,4445.60009765625,4481.5
2026-09-01,4498.7001953125,4510.5,4369.7001953125,4396.39990234375
2026-09-02,4377.2001953125,4444.39990234375,4329.2001953125,4414.60009765625
2026-09-03,4436.39990234375,4558.5,4426.7001953125,4539.89990234375
2026-09-04,4522.0,4537.7998046875,4412.0,4476.60009765625
2026-09-08,4466.5,4488.7998046875,4381.0,4439.0
2026-09-09,4399.0,4479.0,4384.10009765625,4460.7001953125
2026-09-10,4448.0,4479.89990234375,4354.7001953125,4407.2998046875
2026-09-11,4359.39990234375,4444.89990234375,4333.0,4408.89990234375
2026-09-14,4375.0,4396.7998046875,4293.0,4351.89990234375
2026-09-15,4340.2998046875,4358.2001953125,4301.60009765625,4332.7998046875
2026-09-16,4333.5,4413.10009765625,4273.2998046875,4387.5
2026-09-17,4301.39990234375,4423.2998046875,4294.5,4399.7001953125
2026-09-18,4381.60009765625,4439.7998046875,4372.2001953125,4424.89990234375
2026-09-21,4413.0,4422.10009765625,4360.2998046875,4383.89990234375
2026-09-22,4382.5,4414.10009765625,4327.60009765625,4376.39990234375
2026-09-23,4394.7001953125,4407.5,4310.7001953125,4318.39990234375
2026-09-24,4324.39990234375,4338.0,4278.2998046875,4298.0
2026-09-25,4309.5,4351.60009765625,4289.2001953125,4321.2001953125
2026-09-28,4315.0,4315.60009765625,4143.10009765625,4168.39990234375
2026-09-29,4150.10009765625,4218.10009765625,4145.2001953125,4179.7001953125
2026-09-30,4216.2001953125,4251.10009765625,4178.2001953125,4186.7001953125
2026-10-01,4190.10009765625,4222.7998046875,4169.39990234375,4202.2998046875
2026-10-02,4204.60009765625,4259.0,4153.7998046875,4162.2998046875
2026-10-05,4169.39990234375,4198.89990234375,4150.39990234375,4156.7998046875
2026-10-06,4169.2001953125,4212.39990234375,4130.7001953125,4187.10009765625
2026-10-07,4195.0,4197.7998046875,4091.300048828125,4113.10009765625
