date,open,high,low,close,close_is_settlement
2024-01-02,2048.0,2061.6,2022.4,2035.1,False
2024-01-03,2036.1,2037.3,1973.9,1980.4,False
2024-01-04,1979.8,1991.0,1965.6,1977.1,False
2024-01-05,1977.3,1989.1,1938.6,1969.0,False
2024-01-08,1969.2,2004.6,1954.5,2002.2,False
2024-01-09,2002.3,2002.7,1966.4,1981.3,False
2024-01-10,1980.9,1988.7,1963.4,1984.8,False
2024-01-11,1984.6,2003.1,1944.7,1966.6,False
2024-01-12,1966.7,2003.3,1957.3,1962.5,False
2024-01-16,1962.9,1971.1,1931.5,1940.5,False
2024-01-17,1940.4,1942.1,1904.8,1925.0,False
2024-01-18,1925.0,1941.8,1911.2,1937.5,False
2024-01-19,1936.9,1958.3,1921.3,1955.1,False
2024-01-22,1957.6,1998.7,1957.4,1996.5,False
2024-01-23,1997.7,2017.0,1980.0,1989.8,False
2024-01-24,1989.8,2017.2,1968.3,1972.9,False
2024-01-25,1973.4,2006.0,1970.8,1991.4,False
2024-01-26,1991.0,2008.3,1982.5,1986.8,False
2024-01-29,1985.5,2023.3,1979.3,2018.7,False
2024-01-30,2019.1,2025.5,1999.3,2010.2,False
2024-01-31,2009.5,2019.6,1953.5,1959.4,False
2024-02-01,1959.8,1985.9,1941.1,1980.8,False
2024-02-02,1982.8,1988.3,1949.4,1965.5,False
2024-02-05,1968.4,1970.0,1925.4,1942.8,False
2024-02-06,1942.7,1963.4,1934.5,1961.3,False
2024-02-07,1961.1,1971.6,1944.9,1954.1,False
2024-02-08,1954.7,1988.6,1947.4,1986.0,False
2024-02-09,1985.7,2020.8,1983.8,2015.8,False
2024-02-12,2017.2,2060.9,2015.8,2054.7,False
2024-02-13,2054.1,2058.2,1953.7,1972.1,False
2024-02-14,1972.3,2021.8,1970.4,2018.2,False
2024-02-15,2018.5,2071.2,2017.2,2063.5,False
2024-02-16,2064.0,2070.0,2032.1,2037.1,False
2024-02-20,2037.5,2044.8,2001.7,2013.1,False
2024-02-21,2013.0,2013.8,1985.0,2001.8,False
2024-02-22,2002.7,2021.6,1999.0,2013.1,False
2024-02-23,2013.7,2031.9,2003.6,2017.3,False
2024-02-26,2018.0,2036.7,2009.3,2031.0,False
2024-02-27,2031.0,2062.4,2027.1,2057.8,False
2024-02-28,2059.1,2059.9,2038.2,2041.5,False
2024-02-29,2041.0,2083.4,2037.2,2053.9,False
2024-03-01,2053.6,2082.1,2044.9,2071.7,False
2024-03-04,2076.0,2096.8,2073.1,2073.9,False
2024-03-05,2073.3,2077.4,2048.4,2055.5,False
2024-03-06,2054.7,2079.3,2052.1,2070.6,False
2024-03-07,2070.6,2099.0,2057.3,2087.2,False
2024-03-08,2088.5,2121.4,2070.7,2086.9,False
2024-03-11,2085.3,2088.8,2064.0,2071.2,False
2024-03-12,2070.9,2085.0,2048.7,2062.8,False
2024-03-13,2063.3,2081.9,2059.4,2073.6,False
2024-03-14,2073.7,2081.9,2016.2,2034.5,False
2024-03-15,2034.5,2041.4,2022.6,2022.6,False
2024-03-18,2064.1,2076.4,2047.1,2049.9,False
2024-03-19,2050.9,2065.7,2032.5,2059.6,False
2024-03-20,2059.6,2108.7,2047.8,2102.2,False
2024-03-21,2102.2,2132.7,2101.7,2126.1,False
2024-03-22,2125.3,2132.2,2091.4,2093.1,False
2024-03-25,2092.6,2111.9,2089.2,2098.8,False
2024-03-26,2098.8,2118.2,2091.5,2095.9,False
2024-03-27,2095.8,2142.4,2095.8,2139.2,False
2024-03-28,2140.6,2161.8,2132.4,2145.2,False
2024-04-01,2150.6,2167.0,2119.5,2126.5,False
2024-04-02,2126.0,2129.5,2072.1,2086.7,False
2024-04-03,2087.2,2102.7,2069.9,2098.2,False
2024-04-04,2098.2,2123.7,2068.9,2075.2,False
2024-04-05,2075.2,2094.4,2059.4,2083.2,False
2024-04-08,2086.0,2101.6,2074.0,2091.6,False
2024-04-09,2092.8,2106.7,2081.1,2102.3,False
2024-04-10,2102.4,2114.0,2027.9,2044.0,False
2024-04-11,2043.7,2063.7,2017.0,2057.0,False
2024-04-12,2057.6,2062.4,2009.8,2020.5,False
2024-04-15,2019.8,2035.8,1982.2,1992.3,False
2024-04-16,1992.2,1994.7,1965.3,1982.9,False
2024-04-17,1983.3,2000.9,1959.2,1962.0,False
2024-04-18,1963.8,1987.4,1951.9,1958.8,False
2024-04-19,1958.6,1974.2,1915.8,1964.1,False
2024-04-22,1966.4,1993.2,1958.7,1985.3,False
2024-04-23,1985.1,2023.9,1973.9,2014.8,False
2024-04-24,2016.0,2019.1,1993.9,2010.3,False
2024-04-25,2010.5,2023.5,1965.7,1990.3,False
2024-04-26,1992.9,2020.0,1984.6,2016.1,False
2024-04-29,2019.0,2032.9,2015.1,2025.3,False
2024-04-30,2025.6,2026.7,1978.1,1982.0,False
2024-05-01,1982.7,2031.3,1972.1,1997.6,False
2024-05-02,1997.9,2032.2,1991.7,2025.6,False
2024-05-03,2026.4,2070.0,2019.1,2048.5,False
2024-05-06,2052.9,2075.5,2047.5,2071.0,False
2024-05-07,2071.2,2088.8,2069.2,2072.4,False
2024-05-08,2072.0,2074.4,2051.8,2064.0,False
2024-05-09,2063.4,2086.9,2054.3,2084.3,False
2024-05-10,2085.3,2096.3,2061.9,2066.0,False
2024-05-13,2066.7,2090.9,2065.7,2072.2,False
2024-05-14,2071.9,2103.5,2058.3,2097.3,False
2024-05-15,2097.2,2132.5,2094.5,2115.6,False
2024-05-16,2117.6,2123.9,2102.5,2103.5,False
2024-05-17,2103.4,2109.2,2097.4,2104.5,False
2024-05-20,2105.9,2118.8,2100.1,2110.7,False
2024-05-21,2111.6,2113.4,2093.6,2106.3,False
2024-05-22,2106.0,2110.2,2080.6,2084.3,False
2024-05-23,2084.6,2101.0,2044.9,2056.4,False
2024-05-24,2056.4,2078.4,2055.7,2076.7,False
2024-05-28,2078.2,2093.5,2060.9,2071.1,False
2024-05-29,2071.0,2071.1,2038.4,2041.8,False
2024-05-30,2041.2,2070.0,2031.2,2064.3,False
2024-05-31,2064.1,2082.5,2048.7,2080.2,False
2024-06-03,2080.0,2104.7,2050.4,2065.7,False
2024-06-04,2066.0,2068.0,2035.1,2038.6,False
2024-06-05,2038.6,2069.8,2035.6,2068.8,False
2024-06-06,2069.3,2069.3,2047.7,2054.5,False
2024-06-07,2054.8,2060.3,2020.6,2030.6,False
2024-06-10,2027.7,2038.0,2005.8,2036.2,False
2024-06-11,2035.8,2037.4,2005.6,2027.1,False
2024-06-12,2027.3,2095.2,2024.3,2059.9,False
2024-06-13,2060.2,2074.0,2026.0,2037.4,False
2024-06-14,2037.0,2038.5,1999.1,2006.4,False
2024-06-17,2010.0,2029.9,1993.5,2024.1,False
2024-06-18,2025.0,2036.4,2014.6,2027.2,False
2024-06-20,2028.9,2037.6,2010.9,2016.2,False
2024-06-21,2017.0,2022.4,2005.0,2005.0,False
2024-06-24,2044.8,2067.3,2034.5,2054.1,False
2024-06-25,2053.6,2060.0,2037.3,2043.7,False
2024-06-26,2042.5,2046.8,2026.5,2038.0,False
2024-06-27,2037.9,2063.3,2030.4,2061.6,False
2024-06-28,2061.4,2084.9,2050.4,2069.6,False
2024-07-01,2068.4,2079.4,2041.2,2049.2,False
2024-07-02,2049.2,2059.6,2035.9,2052.0,False
2024-07-03,2053.5,2069.4,2050.9,2054.2,False
2024-07-05,2055.1,2061.8,2032.8,2040.3,False
2024-07-08,2040.8,2072.3,2036.7,2058.1,False
2024-07-09,2058.1,2064.9,2039.3,2048.8,False
2024-07-10,2048.5,2070.9,2047.6,2068.3,False
2024-07-11,2068.6,2149.0,2064.8,2148.2,False
2024-07-12,2148.3,2186.4,2144.8,2167.3,False
2024-07-15,2175.5,2219.9,2170.9,2210.4,False
2024-07-16,2210.5,2287.7,2207.1,2285.1,False
2024-07-17,2285.9,2304.9,2253.7,2265.0,False
2024-07-18,2265.5,2285.5,2206.8,2221.1,False
2024-07-19,2220.7,2225.2,2193.6,2204.4,False
2024-07-22,2207.0,2242.6,2188.7,2240.3,False
2024-07-23,2239.9,2274.0,2224.1,2264.7,False
2024-07-24,2262.8,2274.5,2212.1,2216.0,False
2024-07-25,2215.7,2275.7,2202.2,2243.6,False
2024-07-26,2244.4,2288.8,2244.2,2276.0,False
2024-07-29,2277.2,2298.1,2241.2,2251.0,False
2024-07-30,2249.9,2278.5,2236.3,2262.2,False
2024-07-31,2263.0,2320.5,2253.1,2273.9,False
2024-08-01,2272.5,2282.5,2182.1,2197.5,False
2024-08-02,2195.9,2200.1,2097.0,2111.9,False
2024-08-05,2097.5,2109.8,1992.8,2061.4,False
2024-08-06,2063.7,2099.9,2038.3,2065.6,False
2024-08-07,2060.8,2113.1,2035.5,2037.3,False
2024-08-08,2038.2,2100.0,2025.9,2096.8,False
2024-08-09,2096.5,2112.3,2075.0,2087.8,False
2024-08-12,2088.7,2095.4,2063.0,2071.3,False
2024-08-13,2071.5,2109.6,2062.4,2102.5,False
2024-08-14,2102.7,2140.5,2082.1,2091.4,False
2024-08-15,2092.6,2156.5,2080.7,2148.0,False
2024-08-16,2147.4,2164.6,2133.1,2152.8,False
2024-08-19,2154.2,2178.1,2147.6,2175.6,False
2024-08-20,2177.3,2187.1,2144.6,2152.5,False
2024-08-21,2152.5,2182.0,2150.3,2180.3,False
2024-08-22,2181.9,2188.3,2154.9,2161.4,False
2024-08-23,2161.4,2235.0,2161.4,2228.3,False
2024-08-26,2228.2,2249.3,2224.2,2225.3,False
2024-08-27,2225.3,2233.4,2199.6,2211.4,False
2024-08-28,2210.3,2213.8,2184.7,2196.1,False
2024-08-29,2193.4,2232.2,2186.0,2214.6,False
2024-08-30,2213.9,2227.4,2194.4,2220.6,False
2024-09-03,2221.3,2224.5,2148.6,2155.5,False
2024-09-04,2154.5,2173.7,2135.7,2145.4,False
2024-09-05,2144.0,2159.8,2128.1,2140.0,False
2024-09-06,2140.9,2150.1,2083.4,2090.8,False
2024-09-09,2091.0,2120.2,2086.8,2106.1,False
2024-09-10,2104.8,2107.5,2074.7,2099.7,False
2024-09-11,2101.3,2109.2,2058.2,2106.2,False
2024-09-12,2106.6,2144.2,2100.1,2132.8,False
2024-09-13,2134.7,2188.4,2132.5,2183.2,False
2024-09-16,2183.0,2204.7,2176.8,2191.5,False
2024-09-17,2190.7,2233.8,2185.9,2209.7,False
2024-09-18,2209.2,2265.5,2197.8,2214.3,False
2024-09-19,2214.4,2282.4,2214.0,2253.5,False
2024-09-20,2255.1,2255.5,2242.9,2248.6,False
2024-09-23,2256.4,2268.1,2235.4,2243.1,False
2024-09-24,2243.2,2255.3,2229.5,2246.4,False
2024-09-25,2246.4,2251.1,2216.7,2220.0,False
2024-09-26,2221.5,2253.6,2219.2,2231.5,False
2024-09-27,2231.0,2268.1,2222.6,2243.6,False
2024-09-30,2241.8,2256.9,2226.2,2247.0,False
2024-10-01,2248.4,2252.9,2201.5,2215.5,False
2024-10-02,2216.0,2226.5,2197.1,2217.3,False
2024-10-03,2218.2,2220.1,2188.2,2197.6,False
2024-10-04,2197.1,2240.9,2195.6,2228.9,False
2024-10-07,2234.5,2237.6,2195.8,2214.4,False
2024-10-08,2213.9,2221.4,2201.5,2212.0,False
2024-10-09,2213.7,2233.9,2200.7,2214.0,False
2024-10-10,2214.9,2225.0,2181.5,2206.5,False
2024-10-11,2205.9,2252.6,2194.1,2247.3,False
2024-10-14,2249.3,2267.8,2240.2,2266.6,False
2024-10-15,2266.6,2291.8,2255.5,2269.2,False
2024-10-16,2269.6,2309.0,2264.7,2304.8,False
2024-10-17,2303.9,2311.4,2285.4,2295.8,False
2024-10-18,2295.3,2310.2,2289.1,2292.1,False
2024-10-21,2293.5,2300.8,2249.4,2256.2,False
2024-10-22,2256.3,2256.8,2234.1,2242.4,False
2024-10-23,2242.1,2247.8,2206.5,2224.6,False
2024-10-24,2223.7,2243.5,2217.9,2232.7,False
2024-10-25,2231.7,2252.2,2216.7,2218.7,False
2024-10-28,2225.7,2262.4,2225.5,2258.0,False
2024-10-29,2257.7,2262.8,2231.3,2252.0,False
2024-10-30,2252.1,2277.4,2240.0,2243.7,False
2024-10-31,2247.3,2256.0,2202.9,2205.3,False
2024-11-01,2206.2,2240.0,2198.4,2220.4,False
2024-11-04,2214.0,2247.8,2203.3,2230.5,False
2024-11-05,2230.8,2281.8,2220.0,2280.9,False
2024-11-06,2280.8,2423.9,2272.0,2403.5,False
2024-11-07,2404.1,2424.5,2386.5,2402.1,False
2024-11-08,2401.6,2416.3,2387.3,2411.8,False
2024-11-11,2418.1,2455.6,2418.0,2447.6,False
2024-11-12,2447.5,2449.7,2396.3,2405.8,False
2024-11-13,2405.8,2435.6,2379.0,2384.7,False
2024-11-14,2386.1,2401.2,2341.5,2350.7,False
2024-11-15,2350.7,2355.8,2306.4,2316.7,False
2024-11-18,2317.7,2334.4,2309.3,2320.1,False
2024-11-19,2318.7,2336.6,2282.5,2332.8,False
2024-11-20,2332.9,2343.5,2306.8,2336.6,False
2024-11-21,2335.7,2382.6,2321.7,2370.4,False
2024-11-22,2371.0,2419.0,2368.3,2418.0,False
2024-11-25,2430.0,2477.1,2427.9,2452.6,False
2024-11-26,2453.9,2457.1,2418.7,2437.2,False
2024-11-27,2439.3,2462.9,2429.6,2436.8,False
2024-11-29,2438.4,2460.5,2436.2,2445.5,False
2024-12-02,2444.4,2454.0,2424.0,2444.9,False
2024-12-03,2444.7,2445.8,2417.3,2422.6,False
2024-12-04,2421.8,2440.1,2393.1,2432.7,False
2024-12-05,2432.3,2434.8,2399.6,2403.1,False
2024-12-06,2402.4,2425.4,2396.4,2411.2,False
2024-12-09,2413.2,2435.4,2397.0,2400.1,False
2024-12-10,2399.4,2409.2,2379.8,2393.3,False
2024-12-11,2393.0,2413.9,2386.1,2399.1,False
2024-12-12,2399.1,2400.4,2363.1,2364.9,False
2024-12-13,2366.2,2373.0,2337.3,2347.4,False
2024-12-16,2346.5,2374.5,2341.5,2362.8,False
2024-12-17,2362.2,2366.0,2330.8,2334.0,False
2024-12-18,2333.9,2358.0,2211.5,2228.8,False
2024-12-19,2232.6,2268.2,2215.4,2223.3,False
2024-12-20,2222.0,2225.5,2189.9,2210.1,False
2024-12-23,2270.6,2283.4,2238.6,2258.1,False
2024-12-24,2260.9,2280.9,2248.7,2278.7,False
2024-12-26,2278.2,2304.8,2257.6,2299.2,False
2024-12-27,2299.9,2302.0,2241.5,2265.4,False
2024-12-30,2263.6,2267.8,2217.6,2246.9,False
2024-12-31,2247.7,2273.2,2240.8,2250.6,False
2025-01-02,2258.0,2283.2,2233.6,2249.7,False
2025-01-03,2252.0,2286.5,2246.8,2282.3,False
2025-01-06,2286.9,2313.6,2277.6,2285.8,False
2025-01-07,2283.3,2302.6,2250.5,2263.8,False
2025-01-08,2262.6,2269.8,2226.0,2254.6,False
2025-01-09,2254.5,2256.0,2240.8,2246.2,False
2025-01-10,2245.5,2252.8,2186.3,2197.4,False
2025-01-13,2196.3,2210.8,2172.2,2209.3,False
2025-01-14,2213.0,2242.7,2205.4,2237.3,False
2025-01-15,2235.6,2303.5,2235.3,2277.3,False
2025-01-16,2277.5,2286.5,2261.6,2275.6,False
2025-01-17,2275.3,2307.5,2273.9,2288.0,False
2025-01-21,2288.7,2333.2,2258.4,2329.1,False
2025-01-22,2327.8,2337.0,2311.4,2317.1,False
2025-01-23,2316.9,2326.8,2298.1,2323.7,False
2025-01-24,2324.2,2334.8,2312.4,2320.4,False
2025-01-27,2307.0,2328.1,2281.5,2296.6,False
2025-01-28,2298.2,2307.4,2282.2,2298.8,False
2025-01-29,2298.0,2313.6,2276.6,2294.5,False
2025-01-30,2298.7,2332.0,2296.1,2315.5,False
2025-01-31,2313.9,2333.9,2284.9,2294.4,False
2025-02-03,2248.0,2290.9,2198.0,2282.6,False
2025-02-04,2293.6,2302.9,2252.7,2301.8,False
2025-02-05,2300.1,2327.8,2295.1,2327.2,False
2025-02-06,2327.2,2336.2,2301.6,2313.3,False
2025-02-07,2313.0,2327.9,2283.0,2289.3,False
2025-02-10,2268.2,2303.4,2263.2,2298.1,False
2025-02-11,2297.2,2298.1,2274.2,2286.2,False
2025-02-12,2284.2,2300.0,2231.4,2263.4,False
2025-02-13,2263.2,2290.2,2257.5,2287.2,False
2025-02-14,2287.8,2306.0,2281.6,2287.5,False
2025-02-18,2289.7,2302.4,2280.3,2297.0,False
2025-02-19,2297.0,2301.5,2275.6,2284.7,False
2025-02-20,2284.7,2288.0,2254.4,2264.3,False
2025-02-21,2264.3,2286.1,2196.9,2200.4,False
2025-02-24,2202.4,2219.9,2173.5,2187.2,False
2025-02-25,2187.2,2194.8,2156.6,2180.6,False
2025-02-26,2183.5,2206.2,2169.8,2182.8,False
2025-02-27,2183.1,2200.6,2143.3,2147.8,False
2025-02-28,2147.0,2167.1,2129.4,2163.8,False
2025-03-03,2169.8,2195.1,2093.2,2113.8,False
2025-03-04,2113.9,2116.8,2050.3,2102.5,False
2025-03-05,2102.6,2115.6,2066.4,2101.4,False
2025-03-06,2101.2,2105.6,2056.8,2073.7,False
2025-03-07,2073.3,2100.9,2034.1,2077.8,False
2025-03-10,2068.0,2070.7,2003.8,2026.8,False
2025-03-11,2028.1,2049.0,2001.6,2027.4,False
2025-03-12,2025.4,2079.1,2011.2,2025.3,False
2025-03-13,2024.1,2036.2,1985.5,2001.1,False
2025-03-14,2001.9,2045.8,2001.1,2038.3,False
2025-03-17,2036.0,2075.5,2024.6,2066.3,False
2025-03-18,2065.7,2068.8,2042.5,2052.1,False
2025-03-19,2052.3,2096.4,2048.7,2083.3,False
2025-03-20,2084.4,2096.7,2061.3,2068.0,False
2025-03-21,2070.0,2073.6,2041.2,2044.0,False
2025-03-24,2083.0,2127.9,2083.0,2121.9,False
2025-03-25,2121.9,2128.0,2105.5,2113.9,False
2025-03-26,2114.7,2123.4,2081.1,2089.0,False
2025-03-27,2080.1,2098.6,2071.7,2083.1,False
2025-03-28,2081.8,2088.3,2026.1,2028.3,False
2025-03-31,2019.3,2038.4,1986.2,2025.3,False
2025-04-01,2024.9,2044.4,1997.8,2027.2,False
2025-04-02,2027.3,2092.8,1974.0,1979.1,False
2025-04-03,1967.0,1984.6,1917.5,1920.3,False
2025-04-04,1921.8,1927.6,1792.2,1832.5,False
2025-04-07,1782.0,1931.8,1711.5,1830.5,False
2025-04-08,1834.3,1889.9,1748.0,1766.8,False
2025-04-09,1769.2,1948.6,1709.1,1935.9,False
2025-04-10,1933.3,1945.6,1794.3,1843.7,False
2025-04-11,1840.6,1873.8,1809.8,1868.4,False
2025-04-14,1885.3,1905.7,1855.5,1888.0,False
2025-04-15,1889.8,1916.6,1875.7,1891.5,False
2025-04-16,1887.3,1899.1,1849.7,1871.9,False
2025-04-17,1874.8,1899.1,1868.2,1893.7,False
2025-04-21,1885.0,1887.7,1830.6,1847.2,False
2025-04-22,1847.2,1905.2,1844.2,1900.6,False
2025-04-23,1925.0,1980.1,1922.1,1931.5,False
2025-04-24,1930.0,1974.1,1909.7,1964.5,False
2025-04-25,1966.3,1968.4,1937.8,1962.7,False
2025-04-28,1960.8,1984.4,1942.6,1968.2,False
2025-04-29,1967.7,1991.7,1952.6,1986.2,False
2025-04-30,1985.6,1987.4,1929.1,1968.0,False
2025-05-01,1968.3,1999.0,1959.2,1983.0,False
2025-05-02,1980.3,2034.3,1979.6,2028.3,False
2025-05-05,2026.8,2026.9,2002.3,2011.2,False
2025-05-06,2010.9,2012.0,1977.4,1982.5,False
2025-05-07,1981.9,2013.0,1981.1,1995.9,False
2025-05-08,1996.8,2048.5,1993.6,2030.2,False
2025-05-09,2031.0,2043.5,2019.9,2033.1,False
2025-05-12,2074.4,2139.6,2053.8,2102.4,False
2025-05-13,2102.9,2120.0,2086.3,2103.9,False
2025-05-14,2107.0,2109.4,2085.6,2087.8,False
2025-05-15,2088.7,2105.9,2074.3,2104.0,False
2025-05-16,2105.8,2121.6,2097.6,2107.4,False
2025-05-19,2100.9,2110.6,2081.6,2108.6,False
2025-05-20,2106.1,2117.0,2097.1,2109.6,False
2025-05-21,2109.4,2110.8,2046.8,2050.4,False
2025-05-22,2050.2,2062.1,2027.1,2053.7,False
2025-05-23,2054.0,2060.0,1981.5,2040.7,False
2025-05-27,2043.0,2097.0,2041.3,2096.9,False
2025-05-28,2096.9,2097.9,2068.8,2070.2,False
2025-05-29,2071.3,2130.6,2061.2,2076.7,False
2025-05-30,2075.1,2078.3,2050.9,2064.4,False
2025-06-02,2060.2,2076.7,2042.2,2074.3,False
2025-06-03,2073.2,2112.1,2053.8,2106.9,False
2025-06-04,2106.5,2118.2,2096.9,2098.7,False
2025-06-05,2099.6,2116.1,2084.7,2100.7,False
2025-06-06,2098.0,2136.1,2097.7,2134.6,False
2025-06-09,2136.0,2157.5,2131.4,2148.4,False
2025-06-10,2147.7,2168.6,2142.5,2159.7,False
2025-06-11,2159.7,2194.1,2146.8,2149.1,False
2025-06-12,2147.1,2151.3,2124.6,2137.6,False
2025-06-13,2139.1,2139.1,2071.8,2101.3,False
2025-06-16,2094.8,2138.0,2087.7,2126.5,False
2025-06-17,2127.3,2127.5,2098.2,2102.8,False
2025-06-18,2100.0,2133.0,2091.7,2115.6,False
2025-06-20,2115.7,2142.5,2075.1,2133.0,False
2025-06-23,2107.6,2151.0,2098.8,2149.8,False
2025-06-24,2150.2,2182.8,2148.7,2176.3,False
2025-06-25,2176.5,2181.5,2149.2,2150.6,False
2025-06-26,2152.0,2189.6,2149.9,2189.2,False
2025-06-27,2189.2,2207.0,2173.6,2189.0,False
2025-06-30,2189.5,2203.2,2186.4,2188.8,False
2025-07-01,2188.5,2238.8,2174.0,2214.1,False
2025-07-02,2213.9,2247.7,2207.8,2246.0,False
2025-07-03,2245.8,2280.0,2244.3,2263.0,False
2025-07-07,2262.0,2262.0,2214.9,2225.1,False
2025-07-08,2223.6,2254.9,2219.1,2245.7,False
2025-07-09,2244.9,2270.7,2233.6,2268.8,False
2025-07-10,2268.6,2292.6,2260.2,2279.5,False
2025-07-11,2281.0,2284.4,2244.1,2245.3,False
2025-07-14,2237.8,2263.6,2225.5,2261.2,False
2025-07-15,2261.4,2273.4,2212.1,2212.9,False
2025-07-16,2213.5,2243.5,2198.0,2237.9,False
2025-07-17,2237.6,2271.8,2228.2,2269.1,False
2025-07-18,2268.5,2283.8,2248.1,2250.7,False
2025-07-21,2251.3,2272.4,2240.5,2246.9,False
2025-07-22,2246.8,2266.1,2234.1,2264.4,False
2025-07-23,2263.9,2296.5,2262.3,2292.1,False
2025-07-24,2292.7,2293.0,2262.7,2267.8,False
2025-07-25,2267.1,2276.1,2252.2,2272.7,False
2025-07-28,2282.9,2293.2,2261.0,2269.3,False
2025-07-29,2267.9,2284.8,2247.2,2255.8,False
2025-07-30,2255.2,2276.0,2226.0,2227.0,False
2025-07-31,2228.5,2245.7,2213.8,2217.4,False
2025-08-01,2217.3,2223.5,2146.8,2176.8,False
2025-08-04,2173.4,2228.3,2167.1,2228.1,False
2025-08-05,2228.4,2236.4,2205.8,2233.9,False
2025-08-06,2234.2,2251.7,2216.9,2230.2,False
2025-08-07,2230.0,2254.4,2208.1,2229.5,False
2025-08-08,2226.2,2238.9,2219.8,2234.0,False
2025-08-11,2233.7,2239.5,2220.3,2225.4,False
2025-08-12,2224.8,2293.6,2222.9,2292.9,False
2025-08-13,2292.0,2338.1,2290.4,2332.9,False
2025-08-14,2332.3,2337.0,2284.2,2306.4,False
2025-08-15,2306.5,2319.6,2281.7,2291.4,False
2025-08-18,2289.5,2306.5,2289.4,2301.2,False
2025-08-19,2301.6,2311.4,2278.1,2285.3,False
2025-08-20,2283.9,2286.8,2257.8,2276.4,False
2025-08-21,2276.6,2284.0,2258.1,2282.7,False
2025-08-22,2283.5,2374.9,2274.6,2370.5,False
2025-08-25,2369.3,2373.5,2342.6,2346.0,False
2025-08-26,2346.1,2368.7,2330.8,2365.2,False
2025-08-27,2365.1,2383.0,2355.0,2382.9,False
2025-08-28,2381.4,2398.6,2373.3,2383.1,False
2025-08-29,2382.8,2390.5,2362.2,2371.2,False
2025-09-02,2373.0,2376.5,2326.1,2353.0,False
2025-09-03,2353.0,2370.1,2338.4,2358.3,False
2025-09-04,2357.4,2385.3,2352.9,2383.3,False
2025-09-05,2382.0,2413.5,2365.6,2393.5,False
2025-09-08,2391.8,2404.4,2379.7,2398.8,False
2025-09-09,2398.2,2404.7,2369.9,2378.8,False
2025-09-10,2378.8,2401.0,2370.2,2378.0,False
2025-09-11,2376.0,2424.7,2370.0,2420.0,False
2025-09-12,2420.0,2420.4,2396.1,2398.7,False
2025-09-15,2398.0,2414.6,2397.6,2404.0,False
2025-09-16,2404.9,2414.3,2388.3,2406.2,False
2025-09-17,2405.9,2463.3,2391.0,2411.4,False
2025-09-18,2412.3,2472.3,2412.0,2472.0,False
2025-09-19,2475.5,2485.1,2461.7,2485.1,False
2025-09-22,2469.5,2486.5,2448.3,2481.8,False
2025-09-23,2481.8,2510.3,2472.4,2476.8,False
2025-09-24,2476.4,2484.1,2453.0,2458.8,False
2025-09-25,2459.7,2463.1,2412.1,2430.3,False
2025-09-26,2431.7,2453.0,2420.9,2449.2,False
2025-09-29,2449.2,2468.7,2443.5,2447.9,False
2025-09-30,2448.7,2457.0,2428.7,2449.3,False
2025-10-01,2450.0,2465.5,2424.7,2458.5,False
2025-10-02,2458.8,2474.9,2448.5,2474.2,False
2025-10-03,2474.2,2515.0,2472.5,2488.9,False
2025-10-06,2491.9,2518.5,2491.6,2503.1,False
2025-10-07,2503.1,2509.6,2464.6,2477.1,False
2025-10-08,2477.2,2502.4,2470.0,2500.2,False
2025-10-09,2500.0,2505.0,2472.1,2485.5,False
2025-10-10,2485.7,2500.3,2381.8,2384.2,False
2025-10-13,2421.6,2477.8,2421.6,2471.6,False
2025-10-14,2473.3,2527.9,2433.1,2508.9,False
2025-10-15,2508.6,2559.9,2502.2,2535.0,False
2025-10-16,2533.9,2548.6,2470.6,2478.2,False
2025-10-17,2479.4,2484.3,2430.4,2469.6,False
2025-10-20,2473.7,2515.4,2460.9,2515.0,False
2025-10-21,2515.0,2519.2,2485.1,2500.1,False
2025-10-22,2499.0,2504.8,2436.9,2465.0,False
2025-10-23,2463.4,2501.2,2455.6,2493.9,False
2025-10-24,2495.2,2544.0,2495.1,2521.3,False
2025-10-27,2551.8,2566.5,2524.2,2533.9,False
2025-10-28,2532.6,2537.7,2509.5,2514.8,False
2025-10-29,2516.4,2539.3,2473.9,2498.5,False
2025-10-30,2498.7,2517.2,2467.8,2471.3,False
2025-10-31,2471.4,2494.9,2463.0,2490.1,False
2025-11-03,2489.1,2500.4,2450.7,2484.7,False
2025-11-04,2485.5,2485.7,2432.6,2440.4,False
2025-11-05,2439.6,2483.4,2419.6,2476.3,False
2025-11-06,2474.7,2480.8,2424.4,2434.6,False
2025-11-07,2432.6,2445.9,2386.6,2444.4,False
2025-11-10,2455.2,2476.4,2446.3,2464.5,False
2025-11-11,2466.3,2471.4,2448.9,2464.2,False
2025-11-12,2463.1,2487.6,2456.5,2457.2,False
2025-11-13,2456.9,2465.5,2380.9,2392.6,False
2025-11-14,2393.5,2409.1,2353.8,2399.0,False
2025-11-17,2397.0,2408.5,2338.3,2348.8,False
2025-11-18,2349.8,2371.6,2321.9,2348.9,False
2025-11-19,2351.9,2384.3,2344.6,2365.6,False
2025-11-20,2366.2,2411.9,2307.3,2309.7,False
2025-11-21,2312.0,2390.9,2300.7,2378.4,False
2025-11-24,2387.8,2423.3,2370.3,2422.2,False
2025-11-25,2422.4,2475.5,2411.2,2471.9,False
2025-11-26,2471.3,2507.6,2466.6,2492.4,False
2025-11-28,2490.9,2508.1,2486.1,2501.0,False
2025-12-01,2501.0,2505.7,2471.4,2477.7,False
2025-12-02,2476.3,2493.6,2468.5,2470.4,False
2025-12-03,2471.1,2516.1,2468.1,2514.0,False
2025-12-04,2514.5,2544.2,2502.7,2533.4,False
2025-12-05,2532.1,2543.3,2519.2,2524.8,False
2025-12-08,2528.0,2545.8,2518.0,2523.1,False
2025-12-09,2522.9,2545.7,2516.6,2529.0,False
2025-12-10,2530.3,2581.8,2519.7,2571.2,False
2025-12-11,2570.5,2598.7,2543.4,2598.0,False
2025-12-12,2598.9,2605.0,2549.3,2553.8,False
2025-12-15,2552.8,2577.3,2532.2,2533.4,False
2025-12-16,2533.9,2546.0,2505.4,2517.9,False
2025-12-17,2518.9,2544.0,2489.4,2499.0,False
2025-12-18,2499.7,2535.9,2492.9,2505.3,False
2025-12-19,2502.3,2519.0,2502.3,2519.0,False
2025-12-22,2550.0,2590.3,2549.1,2574.3,False
2025-12-23,2575.4,2577.6,2552.8,2557.8,False
2025-12-24,2557.4,2567.1,2548.3,2563.6,False
2025-12-26,2565.3,2567.8,2540.8,2553.6,False
2025-12-29,2551.6,2556.9,2530.3,2536.5,False
2025-12-30,2537.1,2542.2,2517.0,2518.7,False
2025-12-31,2516.3,2520.6,2496.6,2499.8,False
2026-01-02,2501.4,2525.9,2493.5,2521.6,False
2026-01-05,2524.2,2570.8,2517.2,2560.5,False
2026-01-06,2562.0,2597.7,2549.8,2596.3,False
2026-01-07,2596.5,2603.3,2574.0,2592.0,False
2026-01-08,2591.5,2626.1,2573.8,2624.0,False
2026-01-09,2624.0,2650.3,2614.2,2637.1,False
2026-01-12,2638.9,2651.0,2616.3,2644.1,False
2026-01-13,2644.4,2677.0,2638.1,2647.1,False
2026-01-14,2646.4,2669.0,2635.4,2660.6,False
2026-01-15,2660.7,2704.9,2654.5,2689.4,False
2026-01-16,2690.9,2705.6,2680.0,2692.7,False
2026-01-20,2670.0,2683.6,2631.0,2664.5,False
2026-01-21,2664.0,2719.1,2651.1,2712.1,False
2026-01-22,2712.9,2749.2,2710.3,2728.8,False
2026-01-23,2728.6,2737.2,2670.2,2671.5,False
2026-01-26,2661.0,2697.9,2643.9,2670.7,False
2026-01-27,2669.8,2682.7,2656.4,2679.5,False
2026-01-28,2678.9,2697.5,2655.7,2663.7,False
2026-01-29,2663.1,2680.7,2623.5,2657.8,False
2026-01-30,2657.0,2658.6,2607.5,2625.9,False
2026-02-02,2615.0,2666.3,2575.9,2644.3,False
2026-02-03,2645.0,2678.9,2613.1,2656.6,False
2026-02-04,2656.1,2674.6,2598.6,2638.5,False
2026-02-05,2634.6,2648.2,2577.3,2588.1,False
2026-02-06,2585.7,2684.1,2566.8,2674.2,False
2026-02-09,2677.0,2703.6,2659.8,2694.4,False
2026-02-10,2693.5,2712.2,2685.1,2692.3,False
2026-02-11,2691.1,2720.0,2646.7,2678.2,False
2026-02-12,2679.1,2700.4,2608.9,2622.4,False
2026-02-13,2621.0,2675.7,2607.3,2651.4,False
2026-02-17,2650.9,2667.1,2613.7,2651.7,False
2026-02-18,2652.9,2692.8,2641.7,2662.2,False
2026-02-19,2662.0,2671.3,2633.5,2666.5,False
2026-02-20,2666.7,2696.0,2641.1,2668.9,False
2026-02-23,2666.5,2666.5,2602.7,2631.8,False
2026-02-24,2631.8,2663.5,2620.1,2654.3,False
2026-02-25,2654.3,2678.6,2645.8,2667.6,False
2026-02-26,2667.9,2683.4,2642.0,2669.2,False
2026-02-27,2665.5,2666.5,2617.7,2628.7,False
2026-03-02,2608.8,2663.3,2573.1,2654.5,False
2026-03-03,2654.4,2658.8,2551.8,2606.7,False
2026-03-04,2607.0,2649.3,2582.8,2636.7,False
2026-03-05,2636.8,2645.4,2559.9,2582.4,False
2026-03-06,2585.4,2603.3,2516.6,2523.4,False
2026-03-09,2499.2,2564.4,2416.9,2553.7,False
2026-03-10,2553.3,2594.4,2523.9,2551.1,False
2026-03-11,2552.0,2566.4,2522.6,2540.2,False
2026-03-12,2539.7,2539.8,2476.5,2493.0,False
2026-03-13,2495.0,2521.9,2470.1,2474.4,False
2026-03-16,2468.5,2530.1,2463.1,2502.3,False
2026-03-17,2500.0,2536.8,2475.0,2520.5,False
2026-03-18,2519.2,2547.9,2468.4,2471.3,False
2026-03-19,2482.9,2520.1,2442.0,2501.6,False
2026-03-20,2503.7,2513.9,2465.0,2484.8,False
2026-03-23,2429.1,2574.5,2415.3,2510.9,False
2026-03-24,2510.2,2567.8,2478.3,2550.8,False
2026-03-25,2551.1,2565.6,2529.3,2549.4,False
2026-03-26,2549.4,2558.4,2505.0,2517.2,False
2026-03-27,2514.6,2532.1,2452.7,2456.0,False
2026-03-30,2445.0,2498.9,2418.8,2426.9,False
2026-03-31,2427.2,2522.5,2409.4,2511.1,False
2026-04-01,2508.8,2557.0,2507.6,2528.8,False
2026-04-02,2529.9,2555.1,2467.8,2542.3,False
2026-04-03,2541.2,2555.0,2525.1,2531.7,False
2026-04-06,2527.9,2561.6,2511.4,2553.3,False
2026-04-07,2551.3,2568.7,2525.2,2565.9,False
2026-04-08,2575.8,2665.0,2557.4,2632.3,False
2026-04-09,2631.8,2660.9,2613.5,2650.6,False
2026-04-10,2649.7,2674.5,2634.1,2649.0,False
2026-04-13,2607.8,2685.9,2591.8,2685.9,False
2026-04-14,2688.2,2726.0,2684.1,2719.1,False
2026-04-15,2717.9,2727.4,2707.3,2724.6,False
2026-04-16,2724.6,2734.5,2711.4,2734.2,False
2026-04-17,2733.0,2807.8,2731.9,2788.1,False
2026-04-20,2758.7,2809.4,2745.9,2807.6,False
2026-04-21,2805.6,2828.7,2767.7,2788.8,False
2026-04-22,2788.7,2810.6,2779.3,2791.0,False
2026-04-23,2793.2,2808.9,2748.9,2778.3,False
2026-04-24,2782.2,2810.7,2770.5,2796.8,False
2026-04-27,2792.7,2811.6,2779.4,2800.6,False
2026-04-28,2799.3,2809.5,2757.2,2770.0,False
2026-04-29,2770.4,2778.1,2730.3,2738.4,False
2026-04-30,2739.0,2815.6,2726.1,2813.3,False
2026-05-01,2813.3,2825.0,2792.5,2814.0,False
2026-05-04,2825.9,2834.8,2786.8,2803.1,False
2026-05-05,2803.4,2856.2,2802.2,2849.1,False
2026-05-06,2847.7,2918.4,2847.7,2891.8,False
2026-05-07,2891.9,2907.7,2837.7,2845.7,False
2026-05-08,2842.6,2875.7,2835.3,2869.2,False
2026-05-11,2863.0,2896.2,2846.1,2879.3,False
2026-05-12,2878.8,2883.9,2807.7,2848.8,False
2026-05-13,2849.5,2862.4,2824.1,2852.2,False
2026-05-14,2852.2,2881.4,2844.5,2868.6,False
2026-05-15,2868.2,2869.2,2787.9,2792.1,False
2026-05-18,2788.8,2817.3,2762.0,2783.2,False
2026-05-19,2782.5,2794.4,2728.4,2752.0,False
2026-05-20,2752.7,2823.2,2740.4,2818.2,False
2026-05-21,2818.2,2858.7,2792.9,2847.0,False
2026-05-22,2847.8,2887.0,2842.7,2865.3,False
2026-05-26,2888.0,2928.3,2887.9,2925.4,False
2026-05-27,2925.3,2952.0,2913.4,2929.5,False
2026-05-28,2929.9,2948.6,2898.8,2936.2,False
2026-05-29,2938.7,2942.7,2902.7,2919.6,False
2026-06-01,2920.5,2935.1,2882.3,2904.2,False
2026-06-02,2905.1,2938.4,2889.3,2936.2,False
2026-06-03,2936.0,2938.0,2886.7,2891.3,False
2026-06-04,2892.8,2948.3,2885.1,2934.2,False
2026-06-05,2934.3,2934.5,2812.4,2818.2,False
2026-06-08,2816.3,2886.0,2807.7,2858.2,False
2026-06-09,2857.1,2926.6,2793.7,2867.2,False
2026-06-10,2863.6,2908.1,2824.8,2833.7,False
2026-06-11,2831.5,2928.9,2813.2,2922.0,False
2026-06-12,2922.1,2974.2,2910.3,2949.2,False
2026-06-15,2984.0,3005.0,2962.7,2969.6,False
2026-06-16,2967.4,2991.1,2938.3,2941.0,False
2026-06-17,2941.2,2979.8,2910.3,2931.5,False
2026-06-18,2925.0,2972.3,2925.0,2968.6,False
2026-06-22,2994.1,3039.0,2968.4,3022.6,False
2026-06-23,3022.4,3028.4,2965.2,2998.8,False
2026-06-24,2998.4,3041.4,2987.2,3023.5,False
2026-06-25,3023.7,3062.4,3010.5,3034.3,False
2026-06-26,3034.7,3045.7,2999.6,3024.4,False
2026-06-29,3020.9,3044.9,2987.8,3026.0,False
2026-06-30,3026.1,3050.6,3015.1,3041.6,False
2026-07-01,3040.0,3068.4,3023.7,3031.0,False
2026-07-02,3030.9,3062.4,2988.5,3010.0,False
2026-07-06,3011.0,3042.1,3006.7,3034.5,False
2026-07-07,3033.4,3042.6,2988.8,2997.8,False
2026-07-08,2994.3,3004.3,2943.4,2963.9,False
2026-07-09,2965.8,3014.9,2964.3,3004.9,False
2026-07-10,3008.1,3019.5,2970.8,2996.7,False
2026-07-13,2984.7,2995.8,2961.8,2965.3,False
2026-07-14,2967.2,3029.8,2956.2,2981.2,False
2026-07-15,2981.2,3006.1,2974.4,2993.7,False
2026-07-16,2995.3,3012.8,2972.7,2991.6,False
2026-07-17,2991.7,2994.8,2949.3,2970.8,False
2026-07-20,2964.5,2998.7,2952.7,2956.3,False
2026-07-21,2955.8,2999.8,2951.1,2996.2,False
2026-07-22,2997.0,2998.7,2965.5,2973.6,False
2026-07-23,2974.6,2979.0,2932.1,2949.2,False
2026-07-24,2948.5,2969.7,2934.5,2944.1,False
2026-07-27,2955.5,2985.9,2941.2,2960.8,False
2026-07-28,2961.5,2968.3,2933.4,2965.2,False
2026-07-29,2966.9,2978.3,2902.3,2902.7,False
2026-07-30,2906.6,2957.9,2905.6,2954.9,False
2026-07-31,2954.0,2976.3,2905.3,2928.4,False
2026-08-03,2950.0,2994.6,2948.4,2992.4,False
2026-08-04,2992.4,3051.8,2986.1,3047.9,False
2026-08-05,3049.1,3058.3,3023.3,3028.0,False
2026-08-06,3028.5,3041.0,3004.9,3006.6,False
2026-08-07,3008.5,3046.8,3002.0,3040.0,False
2026-08-10,3038.9,3044.6,3016.0,3025.5,False
2026-08-11,3024.7,3045.8,3019.9,3035.8,False
2026-08-12,3036.1,3060.0,3033.1,3053.1,False
2026-08-13,3056.2,3076.3,3052.5,3059.9,False
2026-08-14,3062.2,3076.3,3051.7,3072.7,False
2026-08-17,3073.5,3079.9,3055.9,3064.4,False
2026-08-18,3063.7,3066.6,3024.1,3026.4,False
2026-08-19,3025.9,3059.1,3019.8,3040.8,False
2026-08-20,3041.4,3048.5,2993.2,2998.8,False
2026-08-21,2999.6,3026.7,2997.9,3021.1,False
2026-08-24,3023.0,3028.9,2996.0,3005.3,False
2026-08-25,3004.6,3025.4,2997.0,3014.0,False
2026-08-26,3014.6,3020.5,3002.6,3013.4,False
2026-08-27,3016.9,3024.2,3002.1,3018.6,False
2026-08-28,3019.6,3025.5,2976.6,2977.4,False
2026-08-31,2971.0,2982.5,2946.1,2958.7,True
2026-09-01,2958.0,2964.6,2918.9,2926.2,False
2026-09-02,2926.4,2962.5,2914.5,2958.0,False
2026-09-03,2957.6,2983.3,2949.9,2967.3,False
2026-09-04,2967.9,2979.3,2949.5,2973.8,False
2026-09-08,2974.7,2977.9,2954.7,2962.2,False
2026-09-09,2963.1,2966.2,2919.4,2924.7,False
2026-09-10,2923.1,2933.8,2887.8,2890.8,False
2026-09-11,2890.9,2929.8,2887.6,2904.7,False
2026-09-14,2892.7,2913.5,2884.3,2896.0,False
2026-09-15,2896.4,2896.5,2862.7,2875.7,False
2026-09-16,2875.1,2892.5,2831.9,2861.1,False
2026-09-17,2861.2,2904.6,2859.3,2873.4,False
2026-09-18,2870.5,2883.0,2856.9,2860.0,False
2026-09-21,2879.5,2907.3,2876.6,2898.8,False
2026-09-22,2897.8,2931.2,2884.2,2913.5,False
2026-09-23,2912.0,2915.3,2858.8,2859.8,False
2026-09-24,2860.7,2862.4,2829.9,2854.4,False
2026-09-25,2854.4,2874.1,2843.0,2859.3,True
2026-09-28,2857.7,2858.8,2826.8,2839.6,False
2026-09-29,2839.6,2851.8,2811.9,2831.4,False
2026-09-30,2831.6,2853.8,2812.8,2817.5,True
2026-10-01,2819.6,2843.3,2791.5,2826.9,True
2026-10-02,2829.0,2875.3,2827.7,2850.9,True
2026-10-05,2850.6,2878.4,2835.8,2867.8,True
2026-10-06,2869.4,2887.2,2843.2,2848.2,True
2026-10-07,2849.2,2850.9,2813.8,2819.2,False
