date,open,high,low,close,settle
2024-01-02,17019.0,17038.5,16622.5,16731.75,
2024-01-03,16736.75,16737.25,16522.0,16542.75,
2024-01-04,16545.25,16587.25,16436.0,16450.75,
2024-01-05,16455.0,16577.25,16334.25,16465.0,
2024-01-08,16470.0,16811.25,16378.25,16788.25,
2024-01-09,16788.0,16868.5,16657.75,16829.5,
2024-01-10,16829.5,16983.0,16801.5,16957.0,
2024-01-11,16955.0,17057.0,16753.0,16958.25,
2024-01-12,16957.75,17042.5,16866.5,16955.25,
2024-01-16,16961.75,17033.75,16811.75,16978.0,
2024-01-17,16978.0,16982.0,16689.25,16860.25,
2024-01-18,16854.5,17125.75,16834.25,17117.25,
2024-01-19,17116.0,17471.25,17107.25,17462.75,
2024-01-22,17466.0,17585.0,17434.0,17455.5,
2024-01-23,17461.0,17558.25,17409.5,17552.5,
2024-01-24,17554.0,17793.5,17552.25,17630.25,
2024-01-25,17614.75,17752.0,17542.0,17579.5,
2024-01-26,17571.25,17632.0,17466.0,17504.75,
2024-01-29,17502.0,17716.25,17457.5,17700.25,
2024-01-30,17711.75,17735.75,17467.0,17470.25,
2024-01-31,17415.5,17484.0,17221.5,17265.25,
2024-02-01,17273.25,17646.75,17262.75,17628.0,
2024-02-02,17588.0,17775.5,17465.5,17687.0,
2024-02-05,17696.0,17745.5,17554.25,17702.5,
2024-02-06,17698.5,17769.0,17560.75,17650.25,
2024-02-07,17645.75,17875.5,17629.75,17856.25,
2024-02-08,17856.25,17896.5,17792.25,17860.25,
2024-02-09,17854.25,18071.0,17852.25,18038.25,
2024-02-12,18040.0,18121.5,17911.25,17929.5,
2024-02-13,17928.5,17963.25,17542.0,17699.75,
2024-02-14,17703.0,17887.0,17669.25,17873.5,
2024-02-15,17870.0,17968.25,17780.5,17955.0,
2024-02-16,17952.0,18026.0,17715.0,17721.5,
2024-02-20,17729.25,17807.5,17452.5,17582.5,
2024-02-21,17573.0,17723.0,17372.75,17710.0,
2024-02-22,17702.5,18087.0,17676.0,18023.5,
2024-02-23,18023.25,18144.75,17946.0,17960.75,
2024-02-26,17961.5,18059.5,17922.0,17949.0,
2024-02-27,17951.0,18040.25,17908.75,18012.25,
2024-02-28,18017.5,18019.75,17846.25,17860.5,
2024-02-29,17870.0,18109.5,17826.0,18070.75,
2024-03-01,18075.0,18372.75,18029.5,18321.0,
2024-03-04,18336.0,18377.75,18234.25,18244.25,
2024-03-05,18246.0,18252.0,17832.5,17983.25,
2024-03-06,17981.0,18174.25,17942.5,18040.25,
2024-03-07,18041.0,18360.0,17915.75,18254.0,
2024-03-08,18279.0,18436.5,18012.5,18056.0,
2024-03-11,18056.0,18068.25,17890.5,17999.25,
2024-03-12,18010.5,18241.75,17930.0,18222.75,
2024-03-13,18218.0,18256.5,18033.25,18104.0,
2024-03-14,18094.25,18177.75,17915.5,18017.0,
2024-03-15,18006.0,18074.75,17831.75,17896.5,
2024-03-18,18073.5,18381.0,18062.25,18227.75,
2024-03-19,18222.0,18289.25,18053.25,18273.0,
2024-03-20,18274.0,18545.0,18227.5,18542.0,
2024-03-21,18539.75,18709.0,18526.75,18579.75,
2024-03-22,18580.5,18626.0,18492.0,18563.75,
2024-03-25,18567.0,18601.25,18414.75,18533.5,
2024-03-26,18531.25,18619.0,18439.25,18480.0,
2024-03-27,18477.5,18571.75,18378.5,18505.5,
2024-03-28,18505.0,18538.75,18447.5,18465.0,
2024-04-01,18503.0,18612.0,18414.5,18497.75,
2024-04-02,18497.25,18511.0,18201.5,18344.5,
2024-04-03,18345.0,18451.75,18232.5,18387.75,
2024-04-04,18388.5,18568.0,18055.25,18072.5,
2024-04-05,18086.25,18408.25,18051.5,18311.0,
2024-04-08,18348.25,18376.0,18237.5,18311.5,
2024-04-09,18314.75,18407.25,18160.75,18384.75,
2024-04-10,18381.0,18474.25,18053.5,18192.25,
2024-04-11,18184.0,18518.75,18088.0,18485.5,
2024-04-12,18486.25,18507.75,18120.25,18172.5,
2024-04-15,18151.0,18350.75,17841.5,17875.0,
2024-04-16,17879.0,17988.0,17792.0,17894.0,
2024-04-17,17897.0,17968.5,17615.25,17663.25,
2024-04-18,17669.75,17770.75,17506.25,17529.5,
2024-04-19,17530.75,17553.25,17113.25,17179.25,
2024-04-22,17228.25,17448.0,17148.5,17345.0,
2024-04-23,17352.25,17666.0,17286.25,17656.5,
2024-04-24,17682.0,17795.5,17481.75,17507.25,
2024-04-25,17450.0,17827.5,17308.25,17816.5,
2024-04-26,17808.25,17901.5,17668.25,17836.75,
2024-04-29,17864.75,17949.0,17791.25,17912.0,
2024-04-30,17918.5,17920.25,17473.5,17508.5,
2024-05-01,17462.5,17793.25,17399.25,17474.75,
2024-05-02,17487.0,17755.25,17386.25,17743.0,
2024-05-03,17744.25,18050.25,17719.5,18025.5,
2024-05-06,18047.5,18201.25,17983.75,18185.5,
2024-05-07,18189.5,18266.25,18151.0,18197.75,
2024-05-08,18194.0,18242.25,18072.5,18160.75,
2024-05-09,18160.75,18240.25,18103.75,18220.75,
2024-05-10,18226.0,18348.0,18188.5,18239.25,
2024-05-13,18238.0,18336.25,18228.75,18286.0,
2024-05-14,18282.0,18433.0,18165.5,18410.5,
2024-05-15,18409.75,18707.0,18393.0,18694.5,
2024-05-16,18693.25,18760.75,18633.25,18638.25,
2024-05-17,18642.0,18686.75,18545.0,18633.75,
2024-05-20,18633.5,18794.5,18633.0,18745.25,
2024-05-21,18746.0,18808.75,18678.0,18798.75,
2024-05-22,18798.25,18891.0,18684.25,18816.25,
2024-05-23,18860.5,19023.25,18621.5,18686.5,
2024-05-24,18684.0,18926.0,18680.0,18870.75,
2024-05-28,18874.75,18980.5,18819.5,18950.5,
2024-05-29,18949.5,18949.75,18740.0,18746.75,
2024-05-30,18753.0,18787.0,18546.25,18596.0,
2024-05-31,18590.75,18668.25,18241.25,18570.75,
2024-06-03,18590.25,18755.5,18435.75,18662.25,
2024-06-04,18662.5,18753.25,18511.25,18706.5,
2024-06-05,18711.0,19090.5,18696.25,19087.25,
2024-06-06,19089.5,19124.5,19017.25,19069.0,
2024-06-07,19064.0,19155.0,18940.0,19030.25,
2024-06-10,19025.0,19129.75,18974.25,19107.75,
2024-06-11,19107.25,19257.5,18994.5,19247.5,
2024-06-12,19248.0,19612.25,19233.5,19610.25,
2024-06-13,19602.0,19691.0,19500.0,19607.75,
2024-06-14,19602.75,19699.5,19501.5,19696.25,
2024-06-17,19695.0,20001.0,19640.5,19914.75,
2024-06-18,19918.5,19996.5,19851.75,19933.5,
2024-06-20,19930.25,20095.0,19694.25,19786.0,
2024-06-21,19781.25,19819.25,19687.5,19756.0,
2024-06-24,20014.75,20030.25,19728.0,19752.5,
2024-06-25,19756.0,19981.25,19726.0,19970.5,
2024-06-26,19973.0,20070.5,19901.0,19953.75,
2024-06-27,19946.0,20116.75,19874.25,20067.5,
2024-06-28,20063.25,20273.25,19906.25,19966.5,
2024-07-01,19970.0,20074.0,19811.75,20042.5,
2024-07-02,20045.75,20259.25,19910.0,20240.0,
2024-07-03,20241.0,20435.25,20205.0,20419.5,
2024-07-05,20419.25,20639.5,20361.0,20591.5,
2024-07-08,20591.5,20688.0,20579.25,20684.5,
2024-07-09,20681.0,20771.75,20615.75,20687.75,
2024-07-10,20686.0,20916.75,20684.5,20896.5,
2024-07-11,20895.5,20983.75,20377.25,20432.75,
2024-07-12,20432.75,20741.0,20335.0,20539.75,
2024-07-15,20580.0,20797.0,20506.25,20625.25,
2024-07-16,20628.0,20684.5,20464.5,20588.5,
2024-07-17,20591.0,20597.75,19965.75,20016.75,
2024-07-18,20024.25,20162.5,19758.75,19934.75,
2024-07-19,19955.0,19979.75,19654.0,19701.5,
2024-07-22,19749.0,20044.75,19718.75,19980.75,
2024-07-23,19982.0,20084.75,19868.25,19946.25,
2024-07-24,19883.0,19883.0,19168.75,19269.5,
2024-07-25,19260.0,19390.5,18883.25,18994.75,
2024-07-26,19003.0,19297.75,18995.0,19175.75,
2024-07-29,19171.75,19377.25,19113.25,19222.5,
2024-07-30,19217.0,19319.75,18725.0,18861.25,
2024-07-31,18865.75,19648.0,18861.75,19581.75,
2024-08-01,19593.25,19717.0,18854.0,18967.75,
2024-08-02,18956.5,18979.75,18385.75,18513.25,
2024-08-05,18390.0,18390.0,17351.0,18146.75,
2024-08-06,18165.75,18483.25,17966.0,18099.0,
2024-08-07,18033.0,18558.5,17836.25,17854.5,
2024-08-08,17873.0,18593.5,17741.75,18558.0,
2024-08-09,18550.25,18674.5,18383.0,18602.5,
2024-08-12,18590.0,18765.25,18515.0,18626.25,
2024-08-13,18648.25,19122.5,18628.5,19099.25,
2024-08-14,19099.25,19203.5,18925.5,19147.0,
2024-08-15,19142.5,19603.25,19100.5,19568.25,
2024-08-16,19570.25,19683.0,19447.5,19604.0,
2024-08-19,19629.0,19871.75,19525.25,19853.5,
2024-08-20,19857.75,19931.0,19743.0,19804.75,
2024-08-21,19803.0,19981.75,19771.5,19917.75,
2024-08-22,19921.25,20025.25,19542.0,19612.25,
2024-08-23,19621.5,19904.25,19591.75,19776.75,
2024-08-26,19787.75,19846.25,19505.5,19549.0,
2024-08-27,19558.75,19694.25,19441.5,19636.0,
2024-08-28,19635.5,19691.0,19227.25,19310.25,
2024-08-29,19217.0,19693.5,19140.25,19445.5,
2024-08-30,19445.75,19632.75,19370.5,19594.5,
2024-09-03,19599.0,19683.0,18911.0,18989.75,
2024-09-04,18993.75,19114.75,18825.75,18964.5,
2024-09-05,18965.75,19150.5,18827.25,18924.75,
2024-09-06,18921.0,18972.25,18339.75,18377.5,
2024-09-09,18400.0,18734.5,18386.0,18722.75,
2024-09-10,18727.0,18878.5,18582.25,18835.0,
2024-09-11,18837.75,19293.5,18547.0,19248.0,
2024-09-12,19241.5,19483.5,19185.0,19413.5,
2024-09-13,19419.5,19577.25,19398.25,19503.5,
2024-09-16,19498.0,19546.5,19299.25,19419.5,
2024-09-17,19426.5,19615.5,19341.0,19450.75,
2024-09-18,19451.0,19660.0,19331.0,19398.75,
2024-09-19,19420.5,19966.25,19408.75,19828.25,
2024-09-20,19831.25,19838.25,19746.5,19814.0,
2024-09-23,20040.0,20164.0,19955.25,20063.25,
2024-09-24,20063.25,20214.75,19953.0,20185.25,
2024-09-25,20183.75,20271.0,20064.25,20242.0,
2024-09-26,20242.0,20538.0,20188.0,20345.75,
2024-09-27,20345.0,20395.75,20173.0,20193.0,
2024-09-30,20198.5,20287.0,20056.0,20233.25,
2024-10-01,20234.25,20331.75,19818.0,19962.25,
2024-10-02,19975.25,20090.25,19833.5,20056.25,
2024-10-03,20055.5,20113.75,19852.0,19958.25,
2024-10-04,19965.5,20263.75,19941.5,20202.25,
2024-10-07,20220.0,20267.25,19948.0,20017.0,
2024-10-08,20025.75,20329.5,19902.5,20286.25,
2024-10-09,20294.25,20482.75,20196.0,20449.25,
2024-10-10,20445.25,20508.25,20301.5,20433.0,
2024-10-11,20435.0,20494.25,20314.75,20413.25,
2024-10-14,20432.5,20680.0,20383.25,20638.5,
2024-10-15,20638.75,20659.25,20254.0,20333.25,
2024-10-16,20334.5,20398.5,20206.25,20328.0,
2024-10-17,20328.0,20594.75,20276.75,20383.5,
2024-10-18,20384.0,20529.75,20320.75,20484.25,
2024-10-21,20496.25,20554.5,20343.75,20538.75,
2024-10-22,20536.5,20602.25,20360.25,20519.0,
2024-10-23,20521.0,20542.5,20079.0,20274.5,
2024-10-24,20294.25,20428.5,20261.75,20391.0,
2024-10-25,20388.5,20707.25,20364.0,20476.0,
2024-10-28,20525.5,20676.5,20486.0,20507.25,
2024-10-29,20513.0,20760.25,20432.25,20708.25,
2024-10-30,20734.0,20788.5,20472.5,20507.0,
2024-10-31,20482.0,20495.75,20008.5,20043.0,
2024-11-01,20071.0,20288.0,20017.0,20170.25,
2024-11-04,20138.0,20248.5,20013.0,20114.5,
2024-11-05,20130.75,20385.5,20041.75,20362.75,
2024-11-06,20360.5,20935.25,20323.5,20922.5,
2024-11-07,20923.5,21253.0,20861.5,21225.25,
2024-11-08,21224.25,21265.0,21121.75,21226.75,
2024-11-11,21249.75,21340.75,21098.25,21210.25,
2024-11-12,21221.0,21251.75,21054.75,21178.0,
2024-11-13,21178.0,21268.5,21056.5,21166.0,
2024-11-14,21167.0,21190.25,20950.5,20981.75,
2024-11-15,20977.5,20981.5,20405.25,20503.25,
2024-11-18,20504.0,20724.25,20476.0,20630.5,
2024-11-19,20633.25,20792.5,20382.5,20754.5,
2024-11-20,20762.25,20843.25,20477.0,20738.75,
2024-11-21,20738.0,20905.75,20514.25,20793.75,
2024-11-22,20794.0,20880.0,20693.25,20878.75,
2024-11-25,20935.0,21081.0,20780.25,20899.5,
2024-11-26,20906.25,21024.75,20755.0,20998.75,
2024-11-27,20990.75,21019.0,20675.0,20806.5,
2024-11-29,20813.0,21017.5,20805.5,20991.25,
2024-12-02,20995.25,21259.75,20940.0,21211.0,
2024-12-03,21220.0,21329.0,21134.25,21324.25,
2024-12-04,21323.0,21548.5,21305.75,21517.0,
2024-12-05,21513.25,21567.25,21437.5,21453.25,
2024-12-06,21450.0,21669.25,21424.75,21634.0,
2024-12-09,21649.0,21706.25,21436.0,21473.25,
2024-12-10,21479.25,21606.75,21352.75,21434.75,
2024-12-11,21436.0,21820.0,21405.75,21755.75,
2024-12-12,21756.75,21772.5,21604.25,21630.25,
2024-12-13,21720.75,21908.0,21666.5,21760.5,
2024-12-16,21780.25,22152.5,21762.0,22111.75,
2024-12-17,22115.0,22124.5,21942.25,22005.0,
2024-12-18,22010.0,22083.75,21034.25,21176.75,
2024-12-19,21218.5,21424.25,21080.0,21145.5,
2024-12-20,21151.5,21151.5,20745.0,20945.25,
2024-12-23,21566.0,21776.75,21476.75,21737.25,
2024-12-24,21743.25,22049.75,21709.0,22046.5,
2024-12-26,22049.5,22111.25,21870.25,21984.25,
2024-12-27,21990.75,22008.0,21498.75,21719.75,
2024-12-30,21711.0,21742.75,21253.0,21388.25,
2024-12-31,21390.25,21524.75,21182.0,21234.25,
2025-01-02,21269.0,21490.5,20983.75,21182.5,
2025-01-03,21186.75,21559.25,21144.0,21493.0,
2025-01-06,21532.25,21896.75,21478.25,21780.5,
2025-01-07,21781.25,21806.0,21279.5,21375.5,
2025-01-08,21380.75,21448.25,21166.25,21325.5,
2025-01-09,21334.75,21347.25,21218.0,21301.5,
2025-01-10,21302.75,21372.5,20874.75,20997.75,
2025-01-13,21027.5,21037.0,20694.0,20992.25,
2025-01-14,21020.0,21143.75,20773.5,20977.5,
2025-01-15,20977.0,21452.75,20909.0,21376.75,
2025-01-16,21389.0,21567.25,21172.25,21214.25,
2025-01-17,21227.5,21682.5,21209.25,21589.0,
2025-01-21,21600.0,21783.5,21377.75,21772.5,
2025-01-22,21809.25,22093.5,21768.25,21985.0,
2025-01-23,21981.75,22050.5,21855.5,22021.75,
2025-01-24,22018.5,22078.25,21844.0,21907.75,
2025-01-27,21771.0,21771.0,20763.75,21304.5,
2025-01-28,21343.25,21626.0,21159.5,21558.5,
2025-01-29,21559.0,21697.0,21367.0,21572.25,
2025-01-30,21547.75,21748.75,21419.5,21608.75,
2025-01-31,21680.0,21966.0,21533.75,21571.0,
2025-02-03,21200.0,21579.75,20943.0,21553.25,
2025-02-04,21592.0,21694.0,21242.5,21583.5,
2025-02-05,21562.0,21795.0,21429.75,21770.5,
2025-02-06,21764.5,21882.25,21705.75,21845.25,
2025-02-07,21817.75,21968.0,21552.75,21575.25,
2025-02-10,21463.25,21894.0,21418.0,21837.0,
2025-02-11,21832.0,21871.5,21669.5,21792.5,
2025-02-12,21794.25,21862.5,21510.75,21861.75,
2025-02-13,21861.25,22124.0,21753.0,22075.0,
2025-02-14,22071.0,22225.0,22042.5,22203.5,
2025-02-18,22235.75,22319.75,22102.75,22224.25,
2025-02-19,22224.5,22299.75,22118.0,22222.25,
2025-02-20,22213.0,22235.5,21951.0,22135.75,
2025-02-21,22136.0,22245.5,21652.75,21660.0,
2025-02-24,21700.75,21813.0,21407.5,21427.25,
2025-02-25,21442.5,21453.75,20990.0,21196.0,
2025-02-26,21230.5,21409.25,21055.0,21272.75,
2025-02-27,21249.0,21386.5,20583.25,20633.25,
2025-02-28,20649.5,20944.25,20460.5,20909.0,
2025-03-03,21005.25,21121.0,20316.75,20530.75,
2025-03-04,20527.0,20732.5,20075.25,20537.0,
2025-03-05,20555.0,20725.0,20215.0,20611.75,
2025-03-06,20605.25,20647.5,20003.0,20173.5,
2025-03-07,20214.5,20286.25,19765.5,20207.25,
2025-03-10,20147.0,20156.5,19272.25,19472.0,
2025-03-11,19440.0,19686.75,19139.25,19401.25,
2025-03-12,19412.75,19788.75,19387.0,19572.75,
2025-03-13,19572.0,19694.0,19170.0,19293.0,
2025-03-14,19312.75,19742.5,19296.75,19667.5,
2025-03-17,19668.25,19959.25,19550.5,19831.25,
2025-03-18,19821.0,19858.0,19397.75,19496.75,
2025-03-19,19496.75,19935.0,19455.5,19739.0,
2025-03-20,19746.75,19898.75,19530.25,19690.5,
2025-03-21,19690.75,19728.75,19408.0,19451.25,
2025-03-24,20050.5,20409.5,20050.5,20357.25,
2025-03-25,20353.0,20524.75,20293.0,20517.25,
2025-03-26,20511.5,20536.75,20045.0,20090.5,
2025-03-27,20046.0,20199.5,19937.25,19997.25,
2025-03-28,19995.25,20011.75,19357.5,19361.0,
2025-03-31,19319.75,19489.75,18976.75,19413.0,
2025-04-01,19411.25,19644.0,19261.25,19598.0,
2025-04-02,19600.5,20044.25,19076.75,19152.25,
2025-04-03,19020.0,19177.0,18614.0,18648.5,
2025-04-04,18660.0,18713.0,17387.5,17483.25,
2025-04-07,17100.0,18361.5,16460.0,17628.75,
2025-04-08,17665.0,18357.25,16973.5,17232.0,
2025-04-09,17220.25,19386.75,16735.0,19353.5,
2025-04-10,19266.75,19383.5,17919.0,18501.5,
2025-04-11,18464.75,18873.5,18067.0,18820.5,
2025-04-14,19225.0,19256.0,18737.5,18902.5,
2025-04-15,18902.5,19144.75,18809.0,18938.0,
2025-04-16,18790.0,18861.25,18116.25,18369.25,
2025-04-17,18391.25,18652.75,18261.5,18427.75,
2025-04-21,18306.25,18383.5,17700.0,17914.0,
2025-04-22,17914.0,18514.0,17863.75,18359.0,
2025-04-23,18646.0,19165.5,18623.75,18850.0,
2025-04-24,18826.5,19418.0,18594.75,19347.5,
2025-04-25,19405.0,19589.0,19216.25,19554.75,
2025-04-28,19524.5,19623.0,19257.25,19483.75,
2025-04-29,19478.25,19688.5,19378.0,19614.25,
2025-04-30,19599.75,19880.0,19103.75,19848.5,
2025-05-01,19834.0,20125.75,19757.25,19799.0,
2025-05-02,19782.5,20276.75,19749.5,20204.5,
2025-05-05,20181.5,20201.75,19966.0,20042.25,
2025-05-06,20014.25,20036.75,19739.0,19846.75,
2025-05-07,19809.0,20133.75,19678.75,19957.5,
2025-05-08,19934.5,20337.25,19910.75,20156.25,
2025-05-09,20157.0,20288.75,20058.0,20146.5,
2025-05-12,20398.5,20996.0,20376.75,20957.0,
2025-05-13,20954.75,21346.5,20818.0,21254.75,
2025-05-14,21250.0,21419.5,21238.25,21399.75,
2025-05-15,21379.75,21529.75,21192.0,21396.5,
2025-05-16,21396.0,21512.0,21320.25,21400.25,
2025-05-19,21310.75,21544.5,21112.5,21517.0,
2025-05-20,21513.0,21562.25,21298.0,21420.0,
2025-05-21,21414.75,21558.5,21072.75,21145.5,
2025-05-22,21145.0,21337.5,21040.0,21214.5,
2025-05-23,21223.75,21236.0,20727.0,20953.25,
2025-05-27,20978.0,21488.5,20954.25,21477.0,
2025-05-28,21480.0,21567.5,21321.25,21525.0,
2025-05-29,21513.0,21858.75,21301.0,21385.0,
2025-05-30,21371.25,21433.5,21071.5,21369.0,
2025-06-02,21303.75,21576.25,21163.0,21554.5,
2025-06-03,21555.0,21759.75,21399.25,21688.0,
2025-06-04,21688.25,21803.0,21641.0,21748.0,
2025-06-05,21744.75,21935.0,21503.5,21515.0,
2025-06-06,21471.0,21873.5,21471.0,21809.5,
2025-06-09,21799.25,21890.75,21716.0,21822.25,
2025-06-10,21824.0,21992.25,21732.0,21951.0,
2025-06-11,21945.75,22106.0,21790.75,21883.25,
2025-06-12,21871.0,21977.25,21713.25,21909.0,
2025-06-13,21909.0,21915.75,21471.0,21652.0,
2025-06-16,21554.0,21999.5,21501.75,21936.0,
2025-06-17,21950.0,21952.0,21685.0,21722.5,
2025-06-18,21705.0,21872.5,21640.5,21732.0,
2025-06-20,21731.0,21896.5,21435.5,21865.25,
2025-06-23,21648.25,22093.0,21566.75,22072.25,
2025-06-24,22079.0,22448.25,22065.75,22407.75,
2025-06-25,22412.0,22548.25,22384.5,22472.5,
2025-06-26,22461.25,22694.0,22437.75,22672.5,
2025-06-27,22676.25,22825.5,22600.0,22740.25,
2025-06-30,22751.5,22934.75,22751.5,22866.75,
2025-07-01,22867.5,22914.75,22594.5,22691.75,
2025-07-02,22694.5,22858.75,22582.0,22852.75,
2025-07-03,22845.0,23102.5,22827.0,23059.0,
2025-07-07,23059.25,23062.5,22779.75,22839.0,
2025-07-08,22837.75,22972.75,22808.5,22903.25,
2025-07-09,22906.5,23112.0,22843.5,23043.5,
2025-07-10,23041.0,23090.0,22901.25,23010.0,
2025-07-11,23011.75,23048.75,22831.5,22938.0,
2025-07-14,22860.75,23066.5,22803.0,23036.25,
2025-07-15,23034.25,23222.75,22996.0,23017.75,
2025-07-16,23018.75,23100.0,22835.5,23063.25,
2025-07-17,23065.5,23279.75,23017.0,23265.5,
2025-07-18,23261.25,23320.75,23169.5,23228.5,
2025-07-21,23232.5,23424.75,23203.75,23347.0,
2025-07-22,23339.5,23367.0,23108.0,23199.0,
2025-07-23,23191.25,23418.0,23146.75,23411.25,
2025-07-24,23402.25,23424.5,23298.25,23395.0,
2025-07-25,23391.5,23476.0,23330.75,23447.75,
2025-07-28,23520.0,23585.25,23436.75,23509.25,
2025-07-29,23504.25,23652.5,23421.25,23452.0,
2025-07-30,23452.0,23689.0,23356.5,23661.75,
2025-07-31,23705.0,23845.0,23290.5,23329.5,
2025-08-01,23308.5,23347.5,22775.0,22870.0,
2025-08-04,22850.0,23352.5,22821.75,23350.75,
2025-08-05,23354.0,23404.25,23084.5,23092.0,
2025-08-06,23091.75,23445.25,23045.5,23413.25,
2025-08-07,23418.5,23671.0,23329.0,23521.75,
2025-08-08,23518.25,23767.75,23503.0,23765.5,
2025-08-11,23764.0,23804.5,23587.5,23629.5,
2025-08-12,23635.0,23953.5,23596.0,23949.5,
2025-08-13,23945.0,24068.5,23886.0,23927.75,
2025-08-14,23927.75,24007.75,23793.25,23891.5,
2025-08-15,23888.75,23963.0,23734.5,23796.75,
2025-08-18,23795.0,23881.75,23719.0,23788.0,
2025-08-19,23800.75,23838.0,23426.0,23473.5,
2025-08-20,23461.0,23485.5,23035.0,23319.0,
2025-08-21,23323.0,23369.25,23119.0,23221.75,
2025-08-22,23225.25,23650.0,23076.75,23582.75,
2025-08-25,23602.0,23616.25,23443.25,23502.25,
2025-08-26,23505.75,23611.0,23371.5,23607.5,
2025-08-27,23604.0,23689.0,23434.75,23542.0,
2025-08-28,23542.25,23803.75,23487.5,23762.0,
2025-08-29,23760.5,23762.0,23397.5,23454.5,
2025-09-02,23479.0,23552.5,23025.25,23379.5,
2025-09-03,23382.0,23525.25,23298.25,23455.75,
2025-09-04,23456.75,23708.75,23410.0,23684.0,
2025-09-05,23700.0,23902.0,23505.0,23673.25,
2025-09-08,23673.5,23888.0,23650.25,23798.5,
2025-09-09,23799.0,23921.25,23726.0,23889.75,
2025-09-10,23898.5,24044.25,23785.0,23858.0,
2025-09-11,23853.75,24046.0,23838.0,24006.75,
2025-09-12,24028.25,24159.0,23969.0,24115.25,
2025-09-15,24115.25,24315.5,24076.0,24296.5,
2025-09-16,24290.0,24403.5,24258.25,24292.5,
2025-09-17,24290.0,24312.5,24003.75,24259.75,
2025-09-18,24250.25,24569.5,24248.5,24472.0,
2025-09-19,24468.25,24575.0,24412.5,24560.0,
2025-09-22,24850.0,25027.25,24748.75,24996.25,
2025-09-23,24995.0,25026.0,24780.5,24833.75,
2025-09-24,24839.5,24913.5,24627.0,24747.5,
2025-09-25,24746.0,24793.5,24422.5,24635.5,
2025-09-26,24642.5,24747.5,24520.0,24726.5,
2025-09-29,24726.5,24975.5,24721.75,24811.25,
2025-09-30,24817.75,24913.75,24722.25,24838.25,
2025-10-01,24843.0,25036.75,24633.25,25009.25,
2025-10-02,25009.25,25180.0,24993.75,25105.0,
2025-10-03,25101.5,25196.5,24923.25,24982.0,
2025-10-06,25000.0,25252.75,24995.0,25184.0,
2025-10-07,25184.5,25275.0,24984.75,25054.75,
2025-10-08,25059.75,25364.75,25026.25,25354.0,
2025-10-09,25351.5,25394.0,25160.75,25287.25,
2025-10-10,25287.75,25388.0,24158.5,24188.0,
2025-10-13,24542.0,24965.0,24542.0,24904.5,
2025-10-14,24913.75,25044.25,24421.0,24756.25,
2025-10-15,24754.0,25115.0,24663.25,24941.25,
2025-10-16,24937.0,25179.5,24643.5,24794.25,
2025-10-17,24793.75,25055.75,24410.0,25033.5,
2025-10-20,25065.75,25354.5,24955.75,25326.75,
2025-10-21,25326.75,25368.0,25203.25,25265.25,
2025-10-22,25283.75,25338.25,24804.75,25040.0,
2025-10-23,25012.25,25296.0,24937.0,25278.0,
2025-10-24,25283.25,25570.75,25276.0,25510.25,
2025-10-27,25723.5,26013.5,25700.0,26003.75,
2025-10-28,26002.5,26231.5,25943.0,26172.5,
2025-10-29,26179.75,26379.75,26049.25,26221.0,
2025-10-30,26154.5,26399.0,25853.0,26149.25,
2025-10-31,26150.5,26274.0,25888.75,25983.0,
2025-11-03,26028.25,26266.0,26012.75,26109.5,
2025-11-04,26104.5,26104.5,25522.75,25577.0,
2025-11-05,25545.0,25880.0,25282.0,25729.0,
2025-11-06,25738.5,25822.25,25197.75,25311.5,
2025-11-07,25314.75,25354.75,24709.25,25226.75,
2025-11-10,25320.75,25760.5,25269.0,25720.75,
2025-11-11,25722.25,25768.75,25478.5,25659.0,
2025-11-12,25668.0,25830.0,25488.75,25625.0,
2025-11-13,25624.0,25721.5,25002.5,25087.5,
2025-11-14,25095.25,25293.25,24626.0,25147.5,
2025-11-17,25142.25,25361.25,24731.75,24905.5,
2025-11-18,24905.5,24959.5,24376.25,24531.25,
2025-11-19,24551.0,24988.0,24445.0,24958.75,
2025-11-20,24966.75,25310.0,24073.25,24073.75,
2025-11-21,24110.0,24596.25,23904.5,24349.0,
2025-11-24,24455.75,24993.5,24361.75,24962.75,
2025-11-25,24966.25,25135.25,24602.0,25064.5,
2025-11-26,25071.25,25376.0,25061.25,25314.0,
2025-11-28,25313.0,25499.75,25285.75,25484.5,
2025-12-01,25482.5,25546.0,25193.25,25399.75,
2025-12-02,25411.5,25670.0,25324.75,25603.75,
2025-12-03,25611.0,25685.25,25421.5,25645.75,
2025-12-04,25650.25,25732.5,25488.75,25632.5,
2025-12-05,25629.75,25868.0,25579.75,25735.0,
2025-12-08,25750.0,25860.75,25564.75,25706.75,
2025-12-09,25713.0,25735.75,25560.0,25676.25,
2025-12-10,25680.0,25870.75,25528.75,25800.5,
2025-12-11,25769.5,25861.5,25383.0,25834.75,
2025-12-12,25701.0,25733.25,25118.0,25202.5,
2025-12-15,25223.5,25410.0,25033.25,25101.5,
2025-12-16,25101.25,25202.5,24828.0,25084.75,
2025-12-17,25091.75,25266.0,24654.5,24735.0,
2025-12-18,24744.0,25178.0,24675.5,24976.0,
2025-12-19,25002.5,25160.0,24977.5,25135.75,
2025-12-22,25635.25,25794.75,25628.0,25700.25,
2025-12-23,25701.0,25822.5,25608.25,25811.5,
2025-12-24,25815.75,25892.0,25777.5,25864.75,
2025-12-26,25868.0,25935.25,25834.25,25856.0,
2025-12-29,25863.25,25893.75,25648.0,25744.5,
2025-12-30,25740.0,25793.75,25668.25,25676.0,
2025-12-31,25683.25,25716.75,25429.0,25434.75,
2026-01-02,25478.5,25803.75,25265.25,25394.5,
2026-01-05,25431.75,25708.0,25406.5,25578.25,
2026-01-06,25583.0,25837.75,25527.5,25831.25,
2026-01-07,25831.25,25996.25,25727.0,25835.75,
2026-01-08,25838.75,25849.75,25569.0,25712.0,
2026-01-09,25725.0,25985.5,25615.5,25931.75,
2026-01-12,25949.0,26020.5,25632.75,25942.25,
2026-01-13,25953.5,26045.5,25803.25,25898.25,
2026-01-14,25900.75,25925.75,25420.75,25612.0,
2026-01-15,25593.0,25952.75,25562.5,25707.0,
2026-01-16,25720.5,25891.0,25591.5,25681.25,
2026-01-20,25471.0,25472.0,25095.25,25142.75,
2026-01-21,25149.5,25653.5,25025.0,25509.5,
2026-01-22,25529.5,25739.75,25483.75,25630.0,
2026-01-23,25605.0,25845.75,25540.25,25680.5,
2026-01-26,25585.5,25936.5,25365.25,25861.25,
2026-01-27,25861.25,26118.0,25838.5,26110.0,
2026-01-28,26111.25,26349.0,25993.25,26268.25,
2026-01-29,26282.5,26296.0,25536.0,25982.5,
2026-01-30,25998.5,26020.0,25568.75,25639.25,
2026-02-02,25530.0,25949.5,25180.25,25873.25,
2026-02-03,25876.5,26027.75,25219.0,25421.25,
2026-02-04,25387.5,25514.25,24783.5,25116.25,
2026-02-05,25061.75,25169.0,24407.25,24425.25,
2026-02-06,24416.0,25222.0,24239.75,25107.75,
2026-02-09,25153.75,25428.75,24955.5,25361.5,
2026-02-10,25363.0,25447.25,25198.25,25257.25,
2026-02-11,25259.0,25465.25,25058.25,25278.75,
2026-02-12,25289.0,25419.75,24721.5,24822.0,
2026-02-13,24842.25,24995.5,24578.75,24773.5,
2026-02-17,24789.75,24922.25,24449.25,24768.25,
2026-02-18,24773.75,25128.25,24700.75,24936.5,
2026-02-19,24943.5,25054.0,24749.0,24836.0,
2026-02-20,24837.75,25139.5,24678.5,25077.5,
2026-02-23,25033.75,25059.75,24668.0,24786.25,
2026-02-24,24788.0,25078.75,24694.5,25016.25,
2026-02-25,25016.25,25494.75,24992.0,25461.75,
2026-02-26,25388.25,25418.25,24861.75,25028.0,
2026-02-27,25024.25,25098.75,24782.0,24952.75,
2026-03-02,24682.5,25101.0,24477.0,24995.75,
2026-03-03,25002.75,25011.0,24352.0,24709.75,
2026-03-04,24710.75,25217.75,24499.0,25138.0,
2026-03-05,25156.5,25250.0,24772.5,25010.5,
2026-03-06,25019.75,25141.5,24601.0,24661.25,
2026-03-09,24435.25,25058.0,24000.0,24958.0,
2026-03-10,24981.5,25217.5,24830.0,25010.5,
2026-03-11,25010.25,25180.0,24873.5,24945.5,
2026-03-12,24934.5,24949.25,24517.75,24568.5,
2026-03-13,24567.0,24805.25,24333.75,24335.25,
2026-03-16,24285.0,24816.25,24278.0,24654.75,
2026-03-17,24668.75,24896.0,24517.0,24807.75,
2026-03-18,24796.0,24989.0,24350.0,24394.75,
2026-03-19,24399.75,24505.25,24115.0,24394.25,
2026-03-20,24417.25,24444.0,24108.75,24284.25,
2026-03-23,23902.0,24763.0,23772.5,24400.0,
2026-03-24,24417.25,24550.0,24134.0,24403.75,
2026-03-25,24420.0,24539.75,24286.5,24367.75,
2026-03-26,24373.5,24421.25,23763.25,23822.0,
2026-03-27,23824.0,23976.0,23232.5,23254.25,
2026-03-30,23189.5,23574.0,23024.5,23106.25,
2026-03-31,23119.5,23975.25,22961.5,23905.5,
2026-04-01,23889.0,24348.25,23880.0,24187.25,
2026-04-02,24180.0,24266.75,23666.0,24219.5,
2026-04-03,24219.5,24255.0,24106.0,24129.75,
2026-04-06,24093.5,24452.25,23981.5,24349.75,
2026-04-07,24348.75,24451.5,23941.5,24399.25,
2026-04-08,24514.0,25257.0,24355.0,25039.0,
2026-04-09,25037.75,25269.75,24953.0,25244.75,
2026-04-10,25237.0,25393.0,25193.0,25333.0,
2026-04-13,24980.0,25599.25,24904.5,25585.5,
2026-04-14,25575.25,26003.25,25560.0,25990.0,
2026-04-15,25985.75,26377.5,25933.75,26359.5,
2026-04-16,26350.0,26564.0,26275.5,26464.25,
2026-04-17,26460.0,26884.75,26440.0,26840.75,
2026-04-20,26599.75,26827.75,26535.0,26774.25,
2026-04-21,26776.75,26901.75,26551.75,26721.25,
2026-04-22,26729.5,27136.0,26727.75,27106.5,
2026-04-23,27075.0,27155.75,26681.75,26942.75,
2026-04-24,26992.0,27462.5,26992.0,27440.25,
2026-04-27,27403.25,27542.5,27298.5,27418.5,
2026-04-28,27423.0,27512.0,27009.5,27191.5,
2026-04-29,27197.25,27414.0,27094.0,27148.75,
2026-04-30,27207.0,27622.75,27163.25,27598.5,
2026-05-01,27631.75,27917.0,27536.25,27783.25,
2026-05-04,27890.0,27965.75,27613.0,27743.0,
2026-05-05,27760.0,28247.0,27731.75,28207.25,
2026-05-06,28250.0,28800.0,28243.0,28712.25,
2026-05-07,28662.75,28944.75,28552.0,28644.0,
2026-05-08,28582.0,29386.75,28541.0,29333.75,
2026-05-11,29294.0,29480.0,29225.75,29400.0,
2026-05-12,29399.0,29455.75,28742.0,29134.25,
2026-05-13,29143.75,29565.5,29055.5,29536.0,
2026-05-14,29537.0,29782.0,29448.25,29688.5,
2026-05-15,29690.0,29734.0,29089.75,29173.0,
2026-05-18,29135.0,29419.75,28814.75,29076.0,
2026-05-19,29100.0,29188.5,28663.0,28899.25,
2026-05-20,28929.75,29397.5,28797.25,29278.5,
2026-05-21,29253.0,29554.0,29113.0,29455.5,
2026-05-22,29444.0,29749.0,29436.0,29520.75,
2026-05-26,29676.25,30118.75,29676.25,30044.25,
2026-05-27,30050.0,30379.0,29877.5,30125.25,
2026-05-28,30120.0,30344.5,29763.0,30313.0,
2026-05-29,30328.0,30536.0,30216.5,30389.5,
2026-06-01,30415.5,30693.0,30291.5,30522.5,
2026-06-02,30544.75,30763.25,30317.75,30743.0,
2026-06-03,30741.75,30807.75,30478.25,30495.0,
2026-06-04,30453.0,30603.25,30151.0,30399.5,
2026-06-05,30414.0,30422.0,28781.25,28829.25,
2026-06-08,28844.5,29743.0,28822.25,29435.25,
2026-06-09,29435.0,29848.25,28227.75,29140.5,
2026-06-10,29094.75,29250.0,28409.0,28472.0,
2026-06-11,28455.0,29544.25,28265.75,29433.25,
2026-06-12,29456.75,29760.0,29230.0,29677.75,
2026-06-15,29907.0,30612.5,29907.0,30530.0,
2026-06-16,30539.75,30664.5,29956.75,29986.5,
2026-06-17,30006.75,30268.5,29616.0,29839.75,
2026-06-18,29758.5,30285.75,29758.5,30275.25,
2026-06-22,30690.0,30968.0,30337.5,30662.5,
2026-06-23,30662.75,30701.25,29577.25,29752.0,
2026-06-24,29770.0,30157.75,29264.75,30095.25,
2026-06-25,30089.75,30263.75,29295.75,29759.25,
2026-06-26,29742.0,29892.75,29160.5,29283.0,
2026-06-29,29282.5,30069.5,29273.75,29995.0,
2026-06-30,30007.25,30599.75,29934.75,30500.75,
2026-07-01,30505.75,30553.75,30008.5,30064.25,
2026-07-02,30089.75,30320.0,29328.5,29551.75,
2026-07-06,29566.0,30094.0,29522.0,29947.75,
2026-07-07,29960.0,29973.75,29210.0,29419.5,
2026-07-08,29373.75,29558.75,28909.75,29391.25,
2026-07-09,29412.0,29993.5,29395.0,29931.25,
2026-07-10,29937.75,30077.75,29675.0,30068.5,
2026-07-13,29952.0,30041.0,29386.5,29428.75,
2026-07-14,29446.0,29921.75,29303.5,29793.5,
2026-07-15,29805.0,30062.5,29397.0,29707.5,
2026-07-16,29709.0,29797.0,29078.5,29179.0,
2026-07-17,29191.0,29220.0,28408.25,28768.25,
2026-07-20,28747.75,29192.5,28709.75,28777.0,
2026-07-21,28778.25,29364.75,28701.0,29289.75,
2026-07-22,29310.75,29342.25,28952.0,29165.0,
2026-07-23,29100.0,29282.5,28432.5,28739.25,
2026-07-24,28700.25,28736.0,28212.5,28306.5,
2026-07-27,28500.0,28763.25,27939.0,28210.0,
2026-07-28,28210.5,28228.0,27603.5,27960.5,
2026-07-29,27962.0,28178.25,27201.5,27259.25,
2026-07-30,27202.0,28414.5,27202.0,28333.5,
2026-07-31,28317.0,28725.75,28079.75,28287.0,
2026-08-03,28565.0,28964.25,28313.5,28929.25,
2026-08-04,28930.0,29956.5,28831.75,29818.25,
2026-08-05,29777.25,30074.0,29530.75,29600.25,
2026-08-06,29569.5,29686.25,29241.25,29504.25,
2026-08-07,29514.25,29867.75,29453.5,29839.5,
2026-08-10,29851.25,29984.0,29718.75,29764.25,
2026-08-11,29764.5,29886.75,29533.5,29646.75,
2026-08-12,29657.75,30001.75,29624.5,29805.75,
2026-08-13,29825.0,30272.75,29780.5,30214.25,
2026-08-14,30210.75,30283.0,30028.5,30154.0,
2026-08-17,30170.0,30343.0,30054.5,30078.25,
2026-08-18,30077.0,30121.25,29514.0,29559.5,
2026-08-19,29566.5,29757.25,29375.75,29561.0,
2026-08-20,29561.5,29689.75,29202.75,29317.25,
2026-08-21,29327.0,29539.0,29220.0,29374.0,
2026-08-24,29392.25,29480.5,28946.75,29131.25,
2026-08-25,29140.5,29425.75,29017.0,29287.5,
2026-08-26,29288.0,29437.75,29096.0,29432.5,
2026-08-27,29499.5,29708.0,29401.75,29635.25,
2026-08-28,29635.5,29811.5,29436.25,29509.5,
2026-08-31,29540.0,29546.25,29273.5,29521.0,29513.0
2026-09-01,29518.25,29571.25,29002.0,29139.0,
2026-09-02,29136.5,29213.0,28927.25,29141.0,
2026-09-03,29177.0,29584.25,29075.0,29502.25,
2026-09-04,29505.0,29704.5,29468.0,29523.0,
2026-09-08,29535.25,29764.75,29424.75,29525.75,
2026-09-09,29526.5,29633.75,29333.0,29460.0,
2026-09-10,29458.5,29508.25,29043.25,29143.25,
2026-09-11,29141.0,29500.25,29040.5,29391.75,
2026-09-14,28997.75,29303.0,28816.25,29193.75,
2026-09-15,29200.0,29200.0,28918.75,28987.0,
2026-09-16,28978.25,29252.25,28763.75,28973.0,
2026-09-17,28967.5,29498.25,28957.75,29435.75,
2026-09-18,29438.75,29665.25,29352.75,29544.5,
2026-09-21,29938.0,30862.75,29904.0,30781.0,
2026-09-22,30780.0,31065.5,30670.0,31002.0,
2026-09-23,31008.5,31094.75,30642.75,30776.0,
2026-09-24,30780.0,30827.5,30370.0,30736.25,
2026-09-25,30726.5,30999.5,30679.0,30921.75,30889.25
2026-09-28,30870.0,30920.75,30356.75,30556.75,
2026-09-29,30560.5,30725.5,30372.25,30652.75,
2026-09-30,30657.25,30906.0,30512.25,30725.75,30698.75
2026-10-01,30707.0,31151.5,30529.25,30771.25,30760.5
2026-10-02,30771.25,31282.5,30760.25,31049.0,31061.75
2026-10-05,31059.0,31371.0,30957.5,31339.5,31317.75
2026-10-06,31346.75,31616.5,31309.25,31501.0,31483.25
2026-10-07,31510.0,31521.0,31143.0,31238.0,
